"TenQue","Hao6","Hao5","Hao4","Hao3","Hao2","Hao1","Cung","QueThuong","QueHa","HaoThe","LoiQue","DichLoiQue","LoiBan","Hao1Dich","Hao1LoiBan","Hao2Dich","Hao2LoiBan","Hao3Dich","Hao3LoiBan","Hao4Dich","Hao4LoiBan","Hao5Dich","Hao5LoiBan","Hao6Dich","Hao6LoiBan","Hao1LoiQue","Hao2LoiQue","Hao3LoiQue","Hao4LoiQue","Hao5LoiQue","Hao6LoiQue","ThuTuQue"
"CÀN VI THIÊN","Phụ Mẫu Tuất Thổ (Thế)","Huynh Đệ Thân Kim","Quan Quỷ Ngọ Hỏa","Phụ Mẫu Thìn Thổ (Ứng)","Thê Tài Dần Mộc","Tử Tôn Tí Thủy","Càn","Càn","Càn","6","Càn: Nguyên, hanh, lợi, trinh","Càn (có bốn đức – đặc tính): đầu tiên và lớn, hanh thông, thích đáng, chính và bền.","","","","","","","","","","","","","","","","","","","","1"
"THIÊN PHONG CẤU","Phụ Mẫu Tuât Thổ","Huynh Đệ Thân Kim","Quan Quỷ Ngọ Hỏa (Ứng)","Huynh Đệ Dậu Kim","Tử Tôn Hợi Thủy","Phụ Mẫu Sửu Thổ(Thế)","Càn","Càn","Tốn","1","","","","","","","","","","","","","","","","","","","","","","44"
"THIÊN SƠN ĐỘN","Phụ Mẫu Tuất Thổ","Huynh Đệ Thân Kim (Ứng)","Quan Quỷ Ngọ Hỏa","Huynh Đệ Thân Kim","Quan Quỷ Ngọ Hỏa (Thế)","Phụ Mẫu Thìn Thổ","Càn","Càn","Cấn","2","","","","","","","","","","","","","","","","","","","","","","33"
"THIÊN ĐỊA BỈ","Phụ Mẫu Tuất Thổ (Ứng)","Huynh Đệ Thân Kim","Quan Quỷ Ngọ Hỏa","Thê Tài Mão Mộc (Thế)","Quan Quỷ Tỵ Hỏa","Phụ Mẫu Mùi Thổ","Càn","Càn","Khôn","3","","","","","","","","","","","","","","","","","","","","","","12"
"PHONG ĐỊA QUAN","Thê Tài Mão Mộc","Quan Quỷ Tỵ Hỏa","Phụ Mẫu Mùi Thổ (Thế)"," ThêTài Mão Mộc","Quan Quỷ Tỵ Hỏa","Phụ Mẫu Mùi Thổ (Ứng)","Càn","Tốn","Khôn","4","","","","","","","","","","","","","","","","","","","","","","20"
"SƠN ĐỊA BÁC","Thê Tài Dần Mộc","Tử Tôn Tí Thủy (Thế)","Phụ Mẫu Tuất Thổ","Thê Tài Mão Mộc","Quan Quỷ Tỵ Hỏa (Ứng)","Phụ Mẫu Mùi Thổ","Càn","Cấn","Khôn","5","","","","","","","","","","","","","","","","","","","","","","23"
"HỎA ĐỊA TẤN","Quan Quỷ Tỵ Hỏa","Phụ Mẫu Mùi Thổ","Huynh Đệ Dậu Kim (Thế)","Thê Tài Mão Mộc","Quan Quỷ Tỵ Hỏa","Phụ Mẫu Mùi Thổ (Ứng)","Càn","Ly","Khôn","4","","","","","","","","","","","","","","","","","","","","","","35"
"HỎA THIÊN ĐẠI HỮU","Quan Quỷ Tỵ Hỏa (Ứng)","Phụ Mẫu Mùi Thổ","Huynh Đệ Dậu Kim","Phụ Mẫu Thìn Thổ (Thế)","Thê Tài Dần Mộc","Tử Tôn Tí Thủy","Càn","Ly","Càn","3","","","","","","","","","","","","","","","","","","","","","","14"
"ĐOÀI VI TRẠCH","Phụ Mẫu Mùi Thổ (Thế)","Huynh Đệ Dậu Kim","Tử Tôn Hợi Thủy","Phụ Mẫu Sửu Thổ (Ứng)","Thê Tài Mão Mộc","Quan Quỷ Tỵ Hỏa","Đoài","Đoài","Đoài","6","","","","","","","","","","","","","","","","","","","","","","58"
"TRẠCH THỦY KHỐN","Phụ Mẫu Mùi Thổ","Huynh Đệ Dậu Kim","Tử Tôn Hợi Thủy (Ứng)","Quan Quỷ Ngọ Hỏa","Phụ Mẫu Thìn Thổ","Thê Tài Dần Mộc(Thế)","Đoài","Đoài","Khảm","1","","","","","","","","","","","","","","","","","","","","","","47"
"TRẠCH ĐỊA TỤY","Phụ Mẫu Mùi Thổ","Huynh Đệ Dậu Kim (Ứng)","Huynh Đệ Hợi Thủy","Thê Tài Mão Mộc","Quan Quỷ Tỵ Hỏa (Thế)","Phụ Mẫu Mùi Thổ","Đoài","Đoài","Khôn","2","","","","","","","","","","","","","","","","","","","","","","45"
"TRẠCH SƠN HÀM","Phụ Mẫu Mùi Thổ (Ứng)","Huynh Đệ Dâu Kim","Tử Tôn Hợi Thủy","Huynh Đệ Thân Kim (Thế)","Quan Quỷ Ngọ Hỏa","Phụ Mẫu Thìn Thổ","Đoài","Đoài","Cấn","3","","","","","","","","","","","","","","","","","","","","","","31"
"THỦY SƠN KIỀN","Tử Tôn Tí Thủy","Phụ Mẫu Tuất Thổ","Huynh Đệ Thân Kim (Thế)","Huynh Đệ Thân Kim","Quan Quỷ Ngọ Hỏa","Phụ Mẫu Thìn Thổ (Ứng)","Đoài","Khảm","Cấn","4","","","","","","","","","","","","","","","","","","","","","","39"
"ĐỊA SƠN KHIÊM","Huynh Đệ Dậu Kim","Tử Tôn Hợi Thủy (Thế)","Phụ Mẫu Sửu Thổ","Huynh Đệ Thân Kim","Quan Quỷ Ngọ Hỏa (Ứng)","Phụ Mẫu Thìn Thổ","Đoài","Khôn","Cấn","5","","","","","","","","","","","","","","","","","","","","","","15"
"LÔI SƠN TIỂU QUÁ","Phụ Mẫu Tuất Thổ","Huynh Đệ Thân Kim","Quan Quỷ Ngọ Hỏa (Thế)","Huynh Đệ Thân Kim","Quan Quỷ Ngọ Hỏa","Phụ Mẫu Thìn Thổ (Ứng)","Đoài","Chấn","Cấn","4","","","","","","","","","","","","","","","","","","","","","","62"
"LÔI TRẠCH QUY MUỘI","Phụ Mẫu Tuất Thổ (Ứng)","Huynh Đệ Thân Kim","Quan Quỷ Ngọ Hỏa","Phụ Mẫu Sửu Thổ (Thế)","Thê Tài Mão Mộc","Quan Quỷ Tỵ Hỏa","Đoài","Chấn","Đoài","3","","","","","","","","","","","","","","","","","","","","","","54"
"LY VI HỎA","Huynh Đệ Tỵ Hỏa (Thế)","Tử Tôn Mùi Thổ","Thê Tài Dậu Kim","Quan Quỷ Hợi Thủy (Ứng)","Tử Tôn Sửu Thổ","Phụ Mẫu Mão Mộc","Ly","Ly","Ly","6","","","","","","","","","","","","","","","","","","","","","","30"
"HỎA SƠN LỮ","Huynh Đệ Tỵ Hỏa","Tử Tôn Mùi Thổ","Thê Tài Dậu Kim (Ứng)","Thê Tài Thân Kim","Huynh Đệ Ngọ Hỏa","Tử Tôn Thìn Thổ (Thế)","Ly","Ly","Cấn","1","","","","","","","","","","","","","","","","","","","","","","56"
"HỎA PHONG ĐỈNH","Huynh Đệ Tỵ Hỏa","Tử Tôn Mùi Thổ (Ứng)   ","Thê Tài Dậu Kim","Thê Tài Dậu Kim","Quan Quỷ Hợi Thủy (Thế)","Tử Tôn Sửu Thổ","Ly","Ly","Tốn","2","","","","","","","","","","","","","","","","","","","","","","50"
"HỎA THỦY VỊ TẾ","Huynh Đệ Tỵ Hỏa (Ứng)","Tử Tôn Mùi Thổ","Thê Tài Dậu Kim","Huynh Đệ Ngọ Hỏa (Thế)","Tử Tôn Thìn Thổ","Phụ Mẫu Dần Mộc","Ly","Ly","Khảm","3","","","","","","","","","","","","","","","","","","","","","","64"
"SƠN THỦY MÔNG","Phụ Mẫu Dần Mộc","Quan Quỷ Tí Thủy","Tử Tôn Tuất Thổ (Thế)","Huynh Đệ Ngọ Hỏa","Tử Tôn Thìn Thổ","Phu Mẫu Dần Mộc (Ứng)","Ly","Cấn","Khảm","4","","","","","","","","","","","","","","","","","","","","","","4"
"PHONG THỦY HOÁN","Phụ Mẫu Mão Mộc","Huynh Đệ Tỵ Hỏa (Thế)","Tử Tôn Mùi Thổ","Huynh Đệ Ngọ Hỏa","Tử Tôn Thìn Thổ (Ứng)","Phụ Mẫu Dần Mộc","Ly","Tốn","Khảm","5","","","","","","","","","","","","","","","","","","","","","","59"
"THIÊN THỦY TỤNG","Tử Tôn Tuất Thổ","Thê Tài Thân Kim","Huynh Đệ Ngọ Hỏa (Thế)","Huynh Đệ Ngọ Hỏa","Tử Tôn Thìn Thổ","Phụ Mẫu Dần Mộc (Ứng)","Ly","Càn","Khảm","4","","","","","","","","","","","","","","","","","","","","","","6"
"THIÊN HỎA ĐỒNG NHÂN","Tử Tôn Tuất Thổ (Ứng)","Thê Tài Thân Kim","Huynh Đệ Ngo Hỏa","Quan Quỷ Hơi Thủy (Thế)","Tử Tôn Sửu Thổ","Phụ Mẫu Mão Mộc","Ly","Càn","Ly","3","","","","","","","","","","","","","","","","","","","","","","13"
"CHẤN VI LÔI","Thê Tài Tuất Thổ (Thế)","Quan Quỷ Thân Kim","Tử Tôn Ngọ Hỏa","Thê Tài Thìn Thổ (Ứng)","Huynh Đệ Dân Mộc","Phụ Mẫu Tí Thủy","Chấn","Chấn","Chấn","6","","","","","","","","","","","","","","","","","","","","","","51"
"LÔI ĐỊA DỰ","Thê Tài Tuất Thổ","Quan Quỷ Thân Kim (Ứng)","Tử Tôn Ngọ Hỏa","Huynh Đệ Mão Mộc","Tử Tôn Tỵ Hỏa","Thê Tài Mùi Thổ (Thế)","Chấn","Chấn","Khôn","1","","","","","","","","","","","","","","","","","","","","","","16"
"LÔI THỦY GIẢI","Thê Tài Tuất Thổ","Quan Quỷ Thân Kim (Ứng)","Tử Tôn Ngọ Hỏa","Tử Tôn Ngọ Hỏa","Thê Tài Thìn Thổ (Thế)","Huynh Đệ Dần Mộc","Chấn","Chấn","Khảm","2","","","","","","","","","","","","","","","","","","","","","","40"
"LÔI PHONG HẰNG","Thê Tài Tuất Thổ (Ứng)","Quan Quỷ Thân Kim","Tử Tôn Ngọ Hỏa","Quan Quỷ Dậu Kim (Thế)","Phụ Mẫu Hợi Thủy","Thê Tài Sửu Thổ","Chấn","Chấn","Tốn","3","","","","","","","","","","","","","","","","","","","","","","32"
"ĐỊA PHONG THĂNG","Quan Quỷ Dậu Kim","Phụ Mẫu Hợi Thủy","Thê Tài Sửu Thổ (Thế)","Quan Quỷ Dậu Kim","Phụ Mẫu Hợi Thủy","Thê Tài Sửu Thổ (Ứng)","Chấn","Khôn","Tốn","4","","","","","","","","","","","","","","","","","","","","","","46"
"THỦY PHONG TỈNH","Phụ Mẫu Tí Thủy","Thê Tài Tuất Thổ (Thế)","Quan Quỷ Thân Kim","Quan Quỷ Dậu Kim","Phụ Mẫu Hợi Thủy (Ứng)","Thê Tài Sửu Thổ","Chấn","Khảm","Tốn","5","","","","","","","","","","","","","","","","","","","","","","48"
"TRẠCH PHONG ĐẠI QUÁ","Thê Tài Mùi Thổ","Quan Quỷ Dậu Kim","Phụ Mẫu Hợi Thủy (Thế)","Quan Quỷ Dậu Kim","Phụ Mẫu Hợi Thủy","Thê Tài Sửu Thổ (Ứng)","Chấn","Đoài","Tốn","4","","","","","","","","","","","","","","","","","","","","","","28"
"TRẠCH LÔI TÙY","Thê Tài Mùi Thổ (Ứng)","Quan Quỷ Dâu Kim","Phụ Mẫu Hợi Thủy","Thê Tài Thìn Thổ (Thế)","Huynh Đệ Dân Mộc","Phụ Mẫu Tí Thủy          ","Chấn","Đoài","Chấn","3","","","","","","","","","","","","","","","","","","","","","","17"
"TỐN VI PHONG","Huynh Đệ Mão Mộc (Thế)","Tử Tôn Tỵ Hỏa","Thê Tài Mùi Thổ","Quan Quỷ Dậu Kim (Ứng)","Phụ Mẫu Hợi Thủy","Thê Tài Sửu Thổ","Tốn","Tốn","Tốn","6","","","","","","","","","","","","","","","","","","","","","","57"
"PHONG THIÊN TIỂU SÚC","Huynh Đệ Mão Mộc","Tử Tôn Tỵ Hỏa","Thê Tài Mùi Thổ (Ứng)","Thê Tài Thìn Thổ","Huynh Đệ Dần Mộc","Phụ Mẫu Tí Thủy (Thế)","Tốn","Tốn","Càn","1","","","","","","","","","","","","","","","","","","","","","","9"
"PHONG HỎA GIA NHÂN","Huynh Đệ Mão Mộc","Tử Tôn Tỵ Hỏa (Ứng)","Thê Tài Mùi Thổ","Phụ Mẫu Hợi Thủy","Thê Tài Sửu Thổ (Thế)","Huynh Đệ Mão Mộc","Tốn","Tốn","Ly","2","","","","","","","","","","","","","","","","","","","","","","37"
"PHONG LÔI ÍCH","Huynh Đệ Mão Mộc (Ứng)","Tử Tôn Tỵ Hỏa","Thê Tài Mùi Thổ","Thê Tài Thìn Thổ (Thế)","Huynh Đệ Dần Mộc","Phụ Mẫu Tí Thủy","Tốn","Tốn","Chấn","3","","","","","","","","","","","","","","","","","","","","","","42"
"THIÊN LÔI VÔ VỌNG","Thê Tài Tuất Thổ","Quan Quỷ Thân Kim","Tử Tôn Ngọ Hỏa (Thế)","Thê Tài Thìn Thổ","Huynh Đệ Dần Mộc","Phụ Mẫu Tí Thủy (Ứng)","Tốn","Càn","Chấn","4","","","","","","","","","","","","","","","","","","","","","","25"
"HỎA LÔI PHỆ HẠP","Tử Tôn Tỵ Hỏa","Thê Tài Mùi Thổ (Thế)","Quan Quỷ Dậu Kim","Thê Tài Thìn Thổ","Huynh Đệ Dần Mộc (Ứng)","Phụ Mẫu Tí Thủy","Tốn","Ly","Chấn","5","","","","","","","","","","","","","","","","","","","","","","21"
"SƠN LÔI DI","Huynh Đệ Dần Mộc","Phụ Mẫu Tí Thủy","Thê Tài Tuất Thổ (Thế)","Thê Tài Thìn Thổ","Huynh Đệ Dần Mộc","Phụ Mẫu Tí Thủy (Ứng)","Tốn","Cấn","Chấn","4","","","","","","","","","","","","","","","","","","","","","","27"
"SƠN PHONG CỔ","Huynh Đệ Dần Mộc (Ứng)","Phụ Mẫu Tí Thủy","Thê Tài Tuất Thổ","Quan Quỷ Dậu Kim (Thế)","Phụ Mẫu Hợi Thủy","Thê Tài Sửu Thổ","Tốn","Cấn","Tốn","3","","","","","","","","","","","","","","","","","","","","","","18"
"KHẢM VI THỦY","Huynh Đệ Tí Thủy (Thế)","Quan Quỷ Tuất Thổ","Phụ Mẫu Thân Kim","Thê Tài Ngọ Hỏa(Ứng)","Quan Quỷ Thìn Thổ","Tử Tôn Dần Mộc","Khảm","Khảm","Khảm","6","","","","","","","","","","","","","","","","","","","","","","29"
"THỦY TRẠCH TIẾT","Huynh Đệ Tí Thủy","Quan Quỷ Tuất Thổ","Phụ Mẫu Thân Kim (Ứng)","Quan Quỷ Sửu Thổ","Tử Tôn Mão Mộc","Thê Tài Tỵ Hỏa (Thế)","Khảm","Khảm","Đoài","1","","","","","","","","","","","","","","","","","","","","","","60"
"THỦY LÔI TRUÂN","Huynh Đệ Tí Thủy","Quan Quỷ Tuất Thổ (Ứng)","Phụ Mẫu Thân Kim","Quan Quỷ Thìn Thổ","Tử Tôn Dần Mộc (Thế)","Huynh Đệ Tí Thủy","Khảm","Khảm","Chấn","2","","","","","","","","","","","","","","","","","","","","","","3"
"THỦY HOẢ KÝ TẾ","Huynh Đệ Tí Thủy (Ứng)","Quan Quỷ Tuất Thổ","Phụ Mẫu Thân Kim","Huynh Đệ Hợi Thủy (Thế)","Quan Quỷ Sửu Thổ","Tử Tôn Mão Mộc","Khảm","Khảm","Ly","3","","","","","","","","","","","","","","","","","","","","","","63"
"TRẠCH HỎA CÁCH","Quan Quỷ Mùi Thổ","Phụ Mẫu Dậu Kim","Huynh Đệ Hợi Thủy (Thế)","Huynh Đệ Hợi Thủy","Quan Quỷ Sửu Thổ","Tử Tôn Mão Mộc (Ứng)","Khảm","Đoài","Ly","4","","","","","","","","","","","","","","","","","","","","","","49"
"LÔI HỎA PHONG","Quan Quỷ Tuất Thổ","Phụ Mẫu Thân Kim (Thế)","Thê Tài Ngọ Hỏa","Huynh Đệ Hợi Thủy","Quan Quỷ Sửu Thổ (Ứng)","Tử Tôn Mão Mộc","Khảm","Chấn","Ly","5","","","","","","","","","","","","","","","","","","","","","","55"
"ĐỊA HỎA MINH DI","Phụ Mẫu Dậu Kim","Huynh Đệ Hợi Thủy","Quan Quỷ Sửu Thổ (Thế)","Huynh Đệ Hợi Thủy","Quan Quỷ Sửu Thổ","Tử Tôn Mão Mộc (Ứng)","Khảm","Khôn","Ly","4","","","","","","","","","","","","","","","","","","","","","","36"
"ĐỊA THỦY SƯ","Phụ Mẫu Dậu Kim (Ứng)","Huynh Đệ Hợi Thủy","Quan Quỷ Sửu Thổ","Thê Tài Ngọ Hỏa (Thế)","Quan Quỷ Thìn Thổ","Tử Tôn Thân Kim","Khảm","Khôn","Khảm","3","","","","","","","","","","","","","","","","","","","","","","7"
"CẤN VI SƠN","Quan Quỷ Dần Mộc (Thế)","Thê Tài Tí Thủy","Huynh Đệ Tuất Thổ","Tử Tôn Thân Kim (Ứng)","Phụ Mẫu Ngọ Hỏa","Huynh Đệ Thìn Thổ","Cấn","Cấn","Cấn","6","","","","","","","","","","","","","","","","","","","","","","52"
"SƠN HỎA BÔN","Quan Quỷ Dần Mộc","Thê Tài Tí Thủy","Huynh Đệ Tuất Thổ (Ứng)","Thê Tài Hợi Thủy","Huynh Đệ Sửu Thổ","Quan Quỷ Mão Mộc (Thế)","Cấn","Cấn","Ly","1","","","","","","","","","","","","","","","","","","","","","","22"
"SƠN THIÊN ĐẠI SÚC","Quan Quỷ Dần Mộc","Thê Tài Tí Thủy (Ứng)","Huynh Đệ Tuất Thổ","Huynh Đệ Thìn Thổ","Quan Quỷ Dần Mộc (Thế)","Thê Tài Tí Thủy","Cấn","Cấn","Càn","2","","","","","","","","","","","","","","","","","","","","","","26"
"SƠN TRẠCH TỔN","Quan Quỷ Dần Mộc (Ứng)","Thê Tài Tí Thủy","Huynh Đệ Tuất Thổ","Huynh Đệ Sửu Thổ (Thế)","Quan Quỷ Mão Mộc","Phụ Mẫu Tỵ Hỏa","Cấn","Cấn","Đoài","3","","","","","","","","","","","","","","","","","","","","","","41"
"HỎA TRẠCH KHUÊ","Phụ Mẫu Tỵ Hoả","Huynh Đệ Mùi Thổ","Tử Tôn Dậu Kim (Thế)","Huynh Đệ Sửu Thổ","Quan Quỷ Mão Mộc","Phụ Mẫu Tỵ Hỏa (Ứng)","Cấn","Ly","Đoài","4","","","","","","","","","","","","","","","","","","","","","","38"
"THIÊN TRẠCH LÝ","Huynh Đệ Tuất Thổ","Tử Tôn Thân Kim (Thế)","Phụ Mẫu Ngọ Hoả","Huynh Đệ Sửu Thổ","Quan Quỷ Mão Mộc (Ứng)","Phụ Mẫu Tỵ Hỏa","Cấn","Càn","Đoài","5","","","","","","","","","","","","","","","","","","","","","","10"
"PHONG TRẠCH TRUNG PHÙ","Quan Quỷ Mão Mộc","Phụ Mẫu Tỵ Hoả","Huynh Đệ Mùi Thổ (Thế)","Huynh Đệ Sửu Thổ","Quan Quỷ Mão Mộc","Phụ Mẫu Tỵ Hỏa (Ứng)","Cấn","Tốn","Đoài","4","","","","","","","","","","","","","","","","","","","","","","61"
"PHONG SƠN TIỆM","Quan Quỷ Mão Mộc (Ứng)","Phụ Mẫu Tỵ Hoả","Huynh Đệ Mùi Thổ","Tử Tôn Thân Kim (Thế)","Phụ Mẫu Ngọ Hoả","Huynh Đệ Thìn Thổ","Cấn","Tốn","Cấn","3","","","","","","","","","","","","","","","","","","","","","","53"
"KHÔN VI ĐỊA","Tử Tôn Dậu Kim (Thế)","Thê Tài Hợi Thủy","Huynh Đệ Sửu Thổ","Quan Quỷ Mão Mộc (Ứng)","Phụ Mẫu Tỵ Hỏa","Huynh Đệ Mùi Thổ","Khôn","Khôn","Khôn","6","","","","","","","","","","","","","","","","","","","","","","2"
"ĐỊA LÔI PHỤC","Tử Tôn Dậu Kim","Thê Tài Hợi Thủy","Huynh Đệ Sửu Thổ (Ứng)","Huynh Đệ Thìn Thổ","Quan Quỷ Dần Mộc","Thê Tài Tí Thủy (Thế)","Khôn","Khôn","Chấn","1","","","","","","","","","","","","","","","","","","","","","","24"
"ĐỊA TRẠCH LÂM","Tử Tôn Dậu Kim","Thê Tài Hợi (Ứng)","Huynh Đệ Sửu Thổ","Huynh Đệ Sửu Thổ","Quan Quỷ Mão Mộc (Thế)","Phụ mẫu Tỵ Hỏa","Khôn","Khôn","Đoài","2","","","","","","","","","","","","","","","","","","","","","","19"
"ĐỊA THIÊN THÁI","Tử Tôn Dậu Kim (Ứng)","Thê Tài Hợi Thủy","Huynh Đệ Sửu Thổ","Huynh Đệ Thìn Thổ (Thế)","Quan Quỷ Dần Mộc","Thê Tài Tí Thủy","Khôn","Khôn","Càn","3","","","","","","","","","","","","","","","","","","","","","","11"
"LÔI THIÊN ĐẠI TRÁNG","Huynh Đệ Tuất","Tử Tôn Thân Kim","Phụ Mẫu Ngọ Hỏa (Thế)","Huynh Đệ Thìn Thổ","Quan Quỷ Dần Mộc","Thê Tài Tí Thủy (Ứng)","Khôn","Chấn","Càn","4","","","","","","","","","","","","","","","","","","","","","","34"
"TRẠCH THIÊN QUẢI","Huynh Đệ Mùi Thổ","Tử Tôn Dậu Kim (Thế)","Thê Tài Hợi Thủy","Huynh Đệ Thìn Thổ","Quan Quỷ Dần Mộc (Ứng)","Thê Tài Tí Thủy","Khôn","Đoài","Càn","5","","","","","","","","","","","","","","","","","","","","","","43"
"THỦY THIÊN NHU","Thê Tài Tí","Huynh Đệ Tuất","Tử Tôn Thân (Thế)","Huynh Đệ Thìn","Quan Quỷ Dần","Thê Tài Tí (Ứng)","Khôn","Khảm","Càn","4","","","","","","","","","","","","","","","","","","","","","","5"
"THỦY ĐỊA TỶ","Thê Tài Tí Thủy (Ứng)","Huynh Đệ Tuất Thổ","Tử Tôn Thân Kim","Quan Quỷ Mão Mộc (Thế)","Phụ Mẫu Tỵ Hoả","Huynh Đệ Mùi Thổ","Khôn","Khảm","Khôn","3","","","","","","","","","","","","","","","","","","","","","","8"
