"QueChu","QueBien","ChuThich"
"PHONG ĐỊA QUAN","THIÊN ĐỊA BỈ","Cảnh tượng tốt, mua bán không có gì lo lắng."
"PHONG ĐỊA QUAN","SƠN ĐỊA BÁC","Áp lực bán rất lớn, tránh xa chỗ giá cao, tìm chỗ giá thấp, sẽ xuất hiện giá thấp mới, thuận theo xu thế mua bán không có gì nguy hiểm."
"PHONG ĐỊA QUAN","THỦY ĐỊA TỶ","Nhập cuộc trôi chảy, cầu tài là được, không có rủi ro."
"SƠN ĐỊA BÁC","SƠN LÔI DI","Sau khi nhập cuộc, chứng phiếu bị kẹt, cần chờ tình hình chuyển biến có lợi."
"SƠN ĐỊA BÁC","SƠN THỦY MÔNG","Mười phần thua đến chín , không nên nhập cuộc, cần nghỉ ngơi, điều chỉnh tâm lý, cầu tài không dễ."
"SƠN ĐỊA BÁC","CẤN VI SƠN","Thị trường vận hành ngưng trễ, hai bên mua bán đối địch, cầu tài gian khổ."
"SƠN ĐỊA BÁC","HỎA ĐỊA TẤN","Giá tăng gặp phải trở lực, bên bán thực lực khá mạnh, cuối cùng giá cả lại quay trở xuống."
"SƠN ĐỊA BÁC","PHONG ĐỊA QUAN","Giá thấp đang lên cao dần, về sau lại xuống thấp."
"SƠN ĐỊA BÁC","KHÔN VI ĐỊA","Giá cả trượt xuống kéo dài, lòng người lo lắng, mua bán bị kẹt, không nên nhập cuộc, chú ý quan sát thời điểm chuyển biến."
"HỎA ĐỊA TẤN","HỎA LÔI PHỆ HẠP","Thị trường có trở ngại, mua bán không hài hòa, nên quan sát."
"HỎA ĐỊA TẤN","HỎA THỦY VỊ TẾ","Mua bán tranh giành, tuyệt đối không được nhập cuộc, quan sát là chính."
"HỎA ĐỊA TẤN","HỎA SƠN LỮ","Hành động kiêng nhất là làm liều, mua bán không rõ ràng, tự mình mê hoặc mình, cuối cùng sẽ thua thiệt, tốt nhất không nên làm mới."
"HỎA ĐỊA TẤN","SƠN ĐỊA BÁC","Giá xuống thấp theo bậc thang, dựa theo xu thế bán ra có thể thu lợi."
"HỎA ĐỊA TẤN","THIÊN ĐỊA BỈ","Mua bán không thuận, vận khí không thông, tuy không lỗ nhiều nhưng rất đáng lo."
"HỎA ĐỊA TẤN","LÔI ĐỊA DỰ","Về cuối không nên chạy theo bán ra, phải cảnh giác khi tình hình biến đổi, có thể mua vào ở khu vực giá thấp, giữ hàng lại có thể thu lợi."
"HỎA THIÊN ĐẠI HỮU","HỎA PHONG ĐỈNH","Có dấu hiệu thắng lợi, nên nắm chắc thời cơ, nhưng phải chú ý đi ngược lại cục diện."
"HỎA THIÊN ĐẠI HỮU","LY VI HỎA","Cầu tài vất vả, do đó lấy thủ làm chính, không thể hung hăng, tốt nhất là quan sát, chờ thời cơ."
"HỎA THIÊN ĐẠI HỮU","HỎA TRẠCH KHUÊ","Thị trường có biến cố, mua và bán hơi hỗn loạn, nhất thiết không nên tham gia."
"HỎA THIÊN ĐẠI HỮU","SƠN THIÊN ĐẠI SÚC","Không thể chỉ thấy hiện tượng bề ngoài mà nhập cuộc một cách mù quáng, dễ bị kẹt, cầu tài không được, tổn thất là chắc."
"CÀN VI THIÊN","THIÊN PHONG CẤU","Thuận theo tình thế mà mua bán, trong lòng thoải mái, vừa có lãi vừa không bị rủi ro. Nếu có bạn hẹn hò gặp gỡ thì sẽ bình yên vô sự"
"CÀN VI THIÊN","THIÊN HỎA ĐỒNG NHÂN","Phải mua bán cẩn thận, vì mua hay bán đều không lợi. Nếu trong  tay không còn cổ phiếu thì nên chờ đợi quan sát, nếu có hàng là có khả năng đang bị kẹt"
"CÀN VI THIÊN","THIÊN TRẠCH LÝ","Bên bán đang bị kẹt, mua vào dễ có lãi"
"CÀN VI THIÊN","PHONG THIÊN TIỂU SÚC","Giá lên xuống rõ rệt, tùy tình hình cụ thể mà mua bán thì hôm nay sẽ có lãi"
"CÀN VI THIÊN","HỎA THIÊN ĐẠI HỮU","Không được tham lam, phải phân tích thị trường cẩn thận, vứt bỏ tư tưởng may rủi, ăn thua vì không có xu hướng gì lớn. Phải củng cố những thành quả mình đã đạt được, nếu không sẽ bị mắc kẹt"
"CÀN VI THIÊN","TRẠCH THIÊN QUẢI","Khư khư theo ý kiến mình thì bị tổn thất vừa phải. Hành động riêng lẻ, mong tìm lợi lớn thì sẽ lỗ to. Nếu trong tay có cổ phiếu thì chú ý bán ra, nếu không có thì không nên mua vào"
"THIÊN PHONG CẤU","CÀN VI THIÊN","Kịp thời quyết toán bán ra, cảnh giác đề phòng thị trường biến động khiến cho lợi nhuận đã giành được giảm thấp. Lúc này thị trường có nhiều dòng suy nghĩ, giá cả có thể lên xuống, không được manh động chạy theo mua vào, cảnh giác thị trường có chuyển biến, dễ bị mắc kẹt. Trước hết cần phải nghiên cứu phán đoán xu thế của thị trường, sau đó mới quyết định."
"THIÊN PHONG CẤU","THIÊN SƠN ĐỘN","Vì bị thua thiệt, tự nhiên tâm lý bị đè nặng, không được vì thế mà lo lắng, buông xuôi, mất đi lòng tin vì nếu như thế thì sẽ càng thất bại tiếp."
"THIÊN PHONG CẤU","THIÊN THỦY TỤNG","Nhận được tin thì đã muộn, chứng phiếu bị kẹt, trong lòng buồn bực. Cẩn thận đề phòng mất đoàn kết với bạn bè."
"THIÊN PHONG CẤU","TỐN VI PHONG","Cần từ tổng thể mà xét để thấy xu thế tăng hay giảm. Không thể dựa vào chủ quan, cố chấp, vì như thế rất dễ bị mắc kẹt, cách làm đó hoàn toàn không "
"THIÊN PHONG CẤU","HỎA PHONG ĐỈNH","Giữ hàng lại càng không lợi, chú ý bán ra ở thời điểm giá cả thích hợp, giá cả tạm thời có thể giảm thấp nhưng không nên xem đó là xu thế , bán ra rủi ro khá lớn. Từ tổng thể mà xét thì lợi ích không lớn lắm."
"THIÊN PHONG CẤU","TRẠCH PHONG ĐẠI QUÁ","Thị trường xuất hiện dao động lớn, nhưng thiên thời, địa lợi, nhân hòa đều có, quán triệt phương án của mình thì sẽ thắng lợi."
"THIÊN SƠN ĐỘN","THIÊN HỎA ĐỒNG NHÂN","Giá cả ở mức cao, dao động ít, lợi nhuận không lớn, không nên nhập cuộc."
"THIÊN SƠN ĐỘN","THIÊN PHONG CẤU","Trên thị trường bên mua tranh luận nhau, điều đó chứng tỏ các thông tin bên mua đã tung ra hết, về cuối lực lượng mua tỏ ra yếu ớt, có triển vọng bán ra với giá cao."
"THIÊN SƠN ĐỘN","THIÊN ĐỊA BỈ","Vận khí bế tắc, thị trường tiêu điều, lòng người mệt mỏi, xu thế không rõ ràng, nên chờ thời cơ."
"THIÊN SƠN ĐỘN","PHONG SƠN TIỆM","Có nhân tố ngẫu nhiên khiến cho bạn phải nhập cuộc, không những không có lợi ngược lại chứng phiếu bị kẹt."
"THIÊN SƠN ĐỘN","HỎA SƠN LỮ","Hành động thiếu tự tin, không có cảm giác an toàn, giao dịch trắc trở, chẳng thu được lợi gì."
"THIÊN SƠN ĐỘN","TRẠCH SƠN HÀM","Khi giá xuống, có thể mua vào nhưng số lượng không nên quá nhiều, có lo nhưng không nguy hiểm, về cuối nên bán ra, giá cả sẽ quay trở lại."
"THIÊN ĐỊA BỈ","THIÊN LÔI VÔ VỌNG","Giá thấp đến đáy, ở khu vực đáy sức mua rất lớn, giá cả sẽ lên cao, xung lực quá mạnh, chú ý ứng dụng kỷ xảo để tránh bị động."
"THIÊN ĐỊA BỈ","THIÊN THỦY TỤNG","Hôm nay bán ra non tay, nếu xử lý không thích đáng sẽ chuốc lấy thất bại, giá cả lên xuống thất thường, nhập cuộc phải cẩn thận."
"THIÊN ĐỊA BỈ","THIÊN SƠN ĐỘN","Chứng phiếu bị kẹt, nhưng không thể đầu hàng, mất lòng tin, nên xử lý chính xác giữa sức mình và hàng hóa, hôm nay không nên mua bán mới."
"THIÊN ĐỊA BỈ","PHONG ĐỊA QUAN","Áp lực bán ra khá lớn, mua vào phải cẩn thận, thế thủ là tốt, vội vàng mua vào sẽ thất bại."
"THIÊN ĐỊA BỈ","HỎA ĐỊA TẤN","Sau khi vào sàn không thể giữ lại hàng, chú ý bán ra sẽ được lợi, nếu không thì sự biến đổi ngẫu nhiên của thị trường sẽ gây nên chứng phiếu bị kẹt."
"THIÊN ĐỊA BỈ","TRẠCH ĐỊA TỤY","Nắm chắc thời cơ là vô cùng quan trọng, biết được thế nào là vào sàn với giá tốt nhất. Những điều này đều là xu thế cụ thể để đến một thời điểm nào đó, giá cả nào đó sẽ kịp thời hành động, nếu không làm được như thế thì kiếm tiền không dễ."
"PHONG ĐỊA QUAN","PHONG LÔI ÍCH","Liên tục bị mắc kẹt, không có cách gì cứu vãn được, tốt nhất là không hành động, chờ thời cơ."
"PHONG ĐỊA QUAN","PHONG THỦY HOÁN","Nhập cuộc sẽ bị kẹt, nhưng cuối cùng thị trường phát triển và được giải thoát, không bị thua lỗ."
"PHONG ĐỊA QUAN","PHONG SƠN TIỆM","Thị trường biến đổi từ nhẹ nhàng đến đột biến, phải cẩn thận nắm chắc tình hình, không được mạo hiểm hành động."
"HỎA THIÊN ĐẠI HỮU","CÀN VI THIÊN","Chạy theo mua nhiều bị kẹt, thời cơ bán ra lại chưa chín muồi, tạm thời quan sát, nếu không cầu tài gặp trở ngại."
"HỎA THIÊN ĐẠI HỮU","LÔI THIÊN ĐẠI TRÁNG","Đánh giá cao sự phán đoán của mình, sau khi nhập cuộc khắp nơi đều bị động, dễ bị kẹt, tuy nhiên cuối cùng có lo nhưng không nguy hiểm, thu lợi ít."
"ĐOÀI VI TRẠCH","TRẠCH THỦY KHỐN","Không nên nhập cuộc, tình hình có đột biến, dễ bị mắc kẹt, không nên mang tâm lý may rủi."
"ĐOÀI VI TRẠCH","TRẠCH LÔI TÙY","Không nên vì một lần thất bại đã lo sợ, gọi là “ Một lần rắn cắn, mười năm sợ dây thừng”. Như thế là quá nhạy cảm, nên tăng thêm lòng tin, không sợ thất bại, qua thất bại tổng kết kinh nghiệm để chuẩn bị cho lần giao dịch mới."
"ĐOÀI VI TRẠCH","TRẠCH THIÊN QUẢI","Tinh thần hăng hái, đề phòng có khách hàng lớn nhập cuộc mua vào, cầu tài khó khăn, không nên nhập cuộc. Về cuối giá cả tăng lên."
"ĐOÀI VI TRẠCH","THỦY TRẠCH TIẾT","Sau khi mở sàn, giá cả không ổn định. Không nên nhập cuộc. Về cuối giá cả bị động, giá tăng lên, mua bán phải chú ý nắm chắc, không được làm bừa, thắng lợi rối thì rút ra."
"ĐOÀI VI TRẠCH","LÔI TRẠCH QUY MUỘI","Mua bán tranh chấp nhưng cuối cùng không xuất hiện hiện tượng căng thẳng, cạnh tranh có trật tự, tuy có rủi ro nhưng hậu quả bình thường."
"ĐOÀI VI TRẠCH","THIÊN TRẠCH LÝ","Tinh thần mọi người hăng hái, thị trường có sức hấp dẫn, sức mua khá lớn, giá cả nằm ở mức cao, cầu tài khó khăn, giao dịch phải khống chế số lượng."
"TRẠCH THỦY KHỐN","ĐOÀI VI TRẠCH","Thị trường tiềm ẩn năng lượng rất lớn, dễ bùng nổ, vì vậy không nên vội vàng nhập cuộc, chờ thị trường ổn định mới nhập cuộc. Không nên ảo tưởng luôn mua được giá thấp, bán được giá cao."
"TRẠCH THỦY KHỐN","TRẠCH ĐỊA TỤY","Cẩn thận đề phòng thị trường đột biến, nếu không chú ý thì sẽ bị động, gây nên thua lỗ không đáng có."
"TRẠCH THỦY KHỐN","TRẠCH PHONG ĐẠI QUÁ","Không nên nhập cuộc, tình hình tạm thời ở vào trạng thái bề mặt yên lặng nhưng tiềm ẩn nag8 lượng rất lớn, có dấu hiệu sắp bột phá, rất dễ bị kẹt. Nên tạm thời quan sát, chờ thời cơ."
"TRẠCH THỦY KHỐN","KHẢM VI THỦY","Giao dịch không trôi chảy, có dấu hiệu bị mắc kẹt, nên rút lui để điều chỉnh tâm thái, vội vàng không bằng ngồi yên quan sát."
"TRẠCH THỦY KHỐN","LÔI THỦY GIẢI","Thị trường bên bán áp đảo, không nên chạy theo bán ra vì vật đến cùng cực tất sẽ quay lại, cảnh giác bên mua nhập cuộc, hoặc bên bán sau khi bán quay lại mua vào, tình hình rơi vào trạng thái cực đoan, quá trình sẽ chuyển đổi, do đó nhập cuộc phải cẩn thận."
"TRẠCH THỦY KHỐN","THIÊN THỦY TỤNG","Giá đồng đều kéo dài, mua bán nhanh là chính, không nên giữ hàng, rất dễ bị coi trọng một giá nào đó mà thua thiệt."
"TRẠCH ĐỊA TỤY","TRẠCH LÔI TÙY","Có khách hàng lớn nhập cuộc, mua bán không rõ ràng, giá cả dao động khá lớn, nên mua bán nhanh, cầu tài dễ dàng, phải cẩn thận giành thắng lợi trong sự ổn định, nóng vội sẽ bất lợi."
"TRẠCH ĐỊA TỤY","TRẠCH THỦY KHỐN","Có trở ngại, vận khí không thông, rất dễ vì đánh giá sai tình hình mà chuốc lấy thất bại. Không nên nhập cuộc, cần chờ thời."
"TRẠCH ĐỊA TỤY","TRẠCH SƠN HÀM","Sau khi nhập cuộc, ban đầu tốt, giữa chừng có rủi ro, chứng phiếu bị kẹt, kéo dài không nên, nên bán ra ở giá cả thích hợp, không để lại hậu họa."
"TRẠCH ĐỊA TỤY","THỦY ĐỊA TỶ","Áp lực bên bán khá lớn, bên mua mắc kẹt, giá giảm xuống, kịp thời bán ra sẽ có lợi, không nên giữ hàng lại."
"TRẠCH ĐỊA TỤY","LÔI ĐỊA DỰ","Có lo lắng nhưng không nguy hiểm, yên tâm hành động, nên bán, không nên mua vào."
"TRẠCH ĐỊA TỤY","THIÊN ĐỊA BỈ","Chứng phiếu bị kẹt, không nên có tâm lý dựa vào may rủi, cầu mong thời cơ chuyển biến tốt, thực ra cách suy nghĩ như thế nên tránh xa, phải dám nhìn vào sự thật. Không dám thừa nhận sai lầm, giữ chứng phiếu kéo dài thì sẽ thất bại nặng nề."
"TRẠCH SƠN HÀM","TRẠCH HỎA CÁCH","Không nên chỉ dựa vào kinh nghiệm mà nhập cuộc, nên thích nghi với tình hình, gặp tình hình mới cần phải dùng biện pháp mới, cẩn thận tổng kết các trường hợp đặc biệt để có cách xử lý thích hợp, không dao động, hành động cần có mục đích."
"TRẠCH SƠN HÀM","TRẠCH PHONG ĐẠI QUÁ","Tình hình sẽ xuất hiện hiện tượng khác với trước đây, làm cho bạn không biết rõ xu thế của thị trường, không biết nên mua hay nên bán, trong lòng lo lắng. Vì vậy lúc này không nên nhập cuộc mù quáng."
"TRẠCH SƠN HÀM","TRẠCH ĐỊA TỤY","Xu thế giá cả rất không lợi cho bạn, nên kịp thời có biện pháp, không nên nôn nóng."
"TRẠCH SƠN HÀM","THỦY SƠN KIỀN","Phải thành thực, kiên trì, nên yên lặng để vượt qua dịp này thì tốt."
"TRẠCH SƠN HÀM","LÔI SƠN TIỂU QUÁ","Thị trường khá ổn định, giá cả dao động trong biên độ lớn, giao dịch thành thật thì sẽ lợi nhiều."
"TRẠCH SƠN HÀM","THIÊN SƠN ĐỘN","Tinh thần không phấn khởi, né tránh không muốn nhìn vào thực tế, chứng phiếu bị kẹt rất khó chịu."
"THỦY SƠN KIỀN","THỦY HOẢ KÝ TẾ","Mọi người mua theo nhưng thị trường vẫn rất tiêu điều, lượng giao dịch co lại, chạy theo sẽ vất vả mà không có lợi."
"THỦY SƠN KIỀN","THỦY PHONG TỈNH","Tham gia thị trường chứng khoán điều quan trọng nhất là nắm vững cái “độ” , không thể xem nhẹ cơ hội kiếm tiền, nếu đánh giá quá mức rủi ro dễ sinh ra tiêu cực, cho dù thế nào đi nữa, đều phải học cách thấy lợi thì làm nhưng không được tham lam."
"THỦY SƠN KIỀN","THỦY ĐỊA TỶ","Áp lực bán ra tuy lớn nhưng bên mua tỏ ra không kém, mua bán không được do dự, tốt nhất chờ cho xu thế rõ ràng, lúc đó nhập cuộc vẫn chưa muộn."
"THỦY SƠN KIỀN","TRẠCH SƠN HÀM","Xuất hiện dao động trong biên độ lớn, mọi người vội vàng, căn cứ tình hình thấy thấp mua vào là thích hợp."
"THỦY SƠN KIỀN","ĐỊA SƠN KHIÊM","Chứng phiếu mắc kẹt có triển vọng được giải thoát, nhưng chẳng có lợi gì. Nhân đà đó mua vào có thể thu lợi."
"THỦY SƠN KIỀN","PHONG SƠN TIỆM","Vận khí thông suốt, mua bán thuận lợi, có lợi nhiều, nhưng không thể vì thế mà thiếu cảnh giác."
"ĐỊA SƠN KHIÊM","ĐỊA HỎA MINH DI","Thị trường xuất hiện trở ngại lớn, có thể sẽ thay đổi, sau khi vào sàn hầu như bị dồn đến chân tường, đành chịu thua thiệt."
"ĐỊA SƠN KHIÊM","ĐỊA PHONG THĂNG","Giá cả có triển vọng tăng lên, thuận theo đà đó mua bán chẳng có gì nguy hiểm."
"ĐỊA SƠN KHIÊM","KHÔN VI ĐỊA","Giá thấp cản trở cục diện, bán ra rủi ro khá lớn, chú ý giữ lại, tìm thời cơ để nhập cuộc."
"ĐỊA SƠN KHIÊM","LÔI SƠN TIỂU QUÁ","Có khách hàng mạnh thao túng thị trường, giá cả lúc lên lúc xuống, nhập cuộc rủi ro lớn."
"ĐỊA SƠN KHIÊM","THỦY SƠN KIỀN","Thị trường phát triển không rõ, trong lòng không nắm chắc, giá cả lên xuống thất thường, không nên nhập cuộc."
"ĐỊA SƠN KHIÊM","CẤN VI SƠN","Thị trường tiêu điều, chưa phải là thời cơ mua bán, làm nhiều mà không đem lại lợi ích."
"LÔI SƠN TIỂU QUÁ","LÔI HỎA PHONG","Tự mình cảm thất tốt đẹp, không nên vào sàn một cách thiếu trách nhiệm, vì bản thân phán đoán sai mà gây nên tổn thất. "
"LÔI SƠN TIỂU QUÁ","LÔI PHONG HẰNG","Trong thị trường chứng khoán nói đó là sự so sánh về tiền của thì không bằng nói đó là sự so sánh về tâm thái và trí lực, vì vậy trong thị trường chứng khoán không thể chỉ dựa vào tiền vốn để quyết chiến, vì như thế rất dễ bị phá sản. "
"LÔI SƠN TIỂU QUÁ","LÔI ĐỊA DỰ","Áp lực bán ra khá lớn, trong lòng lo lắng, thiếu lòng tin. Tâm trạng này vào sàn không lợi. Nên thế thủ thì hơn."
"LÔI SƠN TIỂU QUÁ","ĐỊA SƠN KHIÊM","Không hiểu thị trường chứng khoán thì không nên tham gia, không quen biết chủng loại chứng phiếu cũng không nên làm. Do đó trước khi hành động phải tìm hiểu để làm quen với các loại chứng phiếu, nắm vững xu thế của nó, đạt được trong lòng nắm chắc, kết hợp với tình hình cụ thể của mình, đặt ra phương án hành động thiết thực, nắm chắc thời cơ có lợi mới mong chiến thắng."
"LÔI SƠN TIỂU QUÁ","TRẠCH SƠN HÀM","Có thông tin truyền đến, cung lớn hơn cầu, mọi người tranh nhau xào xáo, có thể thuận theo xu thế mà hành động, không những không thua lỗ mà còn thắng lợi."
"LÔI SƠN TIỂU QUÁ","HỎA SƠN LỮ","Có chính sách mới, giá lên xuống không lớn, không cần lo lắng, theo phán đoán của mình vào sàn tự nhiên, ngược lại sẽ thu lãi lớn, đây là tin mừng bất ngờ. "
"LÔI TRẠCH QUY MUỘI","LÔI THỦY GIẢI","Giá biến đổi mới, mọi người hăng hái, chạy theo nhập cuộc, giữa chừng có đột biến, kết quả bị mắc kẹt, trong lòng lo lắng, chẳng được lợi gì."
"LÔI TRẠCH QUY MUỘI","CHẤN VI LÔI","Tình hình dao động. Không nên nhập cuộc."
"LÔI TRẠCH QUY MUỘI","LÔI THIÊN ĐẠI TRÁNG","Nhập cuộc có nguy hiểm, không nên hành động, thế thủ là tốt."
"LÔI TRẠCH QUY MUỘI","ĐỊA TRẠCH LÂM","Nắm chắc nguyên nhân cơ bản sự phát triển của thị trường, hành động theo xu thế, kịp thời điều chỉnh sách lược, mua bán không rủi ro mà còn có lợi."
"LÔI TRẠCH QUY MUỘI","ĐOÀI VI TRẠCH","Thế thủ thì tốt, manh động sẽ chuốc lấy thất bại. Tạm thời nên quan sát chờ thời."
"LÔI TRẠCH QUY MUỘI","HỎA TRẠCH KHUÊ","Tuy đang bị mắc kẹt nhưng bán ra chưa phải là thời cơ. Về cuối giá cả dao động khá lớn. Chờ thời cơ có lợi, kiên định và tin tưởng, không nên bị người khác mê hoặc, nếu không sẽ thất bại lớn hơn."
"LY VI HỎA","HỎA SƠN LỮ","Ban đầu căng thẳng, về sau nhẹ nhàng. Ban đầu mất, về sau được."
"LY VI HỎA","HỎA THIÊN ĐẠI HỮU","Về sau giá thị trường lên cao, do đó khi bắt đầu nhập cuộc nếu mua chứng phiếu mới ở giá thấp thì nhất định thắng lợi."
"LY VI HỎA","HỎA LÔI PHỆ HẠP","Không nên hành động, thế thủ là chính, sắp có chính sách mới ảnh hưởng đến thị trường, quan sát chờ thời cơ."
"LY VI HỎA","SƠN HỎA BÔN","Chứng phiếu bị kẹt không có cách gì giải quyết, chỉ có bán hết đi rồi làm mới."
"LY VI HỎA","THIÊN HỎA ĐỒNG NHÂN","Tinh thần hăng hái, nhưng không phân tích được xu thế của tình hình, chỉ biết chạy theo, kết quả chuốc lấy thất bại."
"LY VI HỎA","LÔI HỎA PHONG","Thị trường tấp nập, mọi người hăng hái, mua vào có lợi, có thể giữ chứng phiếu lại."
"HỎA SƠN LỮ","LY VI HỎA","Chứng phiếu bị kẹt, xu thế không rõ ràng, không nắm chắc tình hình, không nên nhập cuộc."
"HỎA SƠN LỮ","HỎA PHONG ĐỈNH","Thị trường tấp nập, giao dịch sôi động, thuận theo xu thế, ra sức phát huy thì sẽ thắng lợi."
"HỎA SƠN LỮ","HỎA ĐỊA TẤN","Có khách háng lớn nhập cuộc thao túng, giá cả dao động, mọi người lo sợ bị mắc kẹt. Nên thuận theo xu thế mà hành động, giá cả tăng lên yếu ớt, giá đứng ở mức cao nhưng không vững, nên nắm chắc thời cơ, gặp cao thì bán ra."
"HỎA SƠN LỮ","CẤN VI SƠN","Tích cực củng cố thành quả đã đạt được, không nên chủ quan, không được tham lam, nên nghỉ ngơi chờ thời."
"HỎA SƠN LỮ","THIÊN SƠN ĐỘN","Xu thế không rõ ràng, giá cả ở mức cực đoan, có dấu hiệu giảm xuống, bên mua giữ giá lại nhưng bên bán áp đảo, cuối cùng bên mua mạnh hơn, giá cả tăng lên, nhưng không được mù quáng chạy theo mua vào. Mua bán nhanh là chính, chú ý vận dụng kỹ xảo."
"HỎA SƠN LỮ","LÔI SƠN TIỂU QUÁ","Tình hình có biến, hành động khéo sẽ có lợi. Về cuối giá cả biến động đều, có thể mua bán nhanh, rủi ro ít."
"HỎA PHONG ĐỈNH","HỎA THIÊN ĐẠI HỮU","Chú ý mua vào nhưng không được chạy theo quá mức."
"HỎA PHONG ĐỈNH","HỎA SƠN LỮ","Mua bán bị mắc kẹt, vận khí không tốt, chẳng được gì."
"HỎA PHONG ĐỈNH","HỎA THỦY VỊ TẾ","Phát sinh nhiều tình hình bất lợi gây nên hành động nhiễu loạn, giá biến động trong biên độ hẹp. Nhập cuộc vất vả mà chẳng được gì, nên cẩn thận."
"HỎA PHONG ĐỈNH","SƠN PHONG CỔ","Cẩn thận đề phòng bị thua lỗ, tâm thái không tốt hoặc quá tham lam, không chú ý đến tình hình khách quan biến đổi, cứ một mạch chạy theo thị trường thì dễ mắc kẹt."
"HỎA PHONG ĐỈNH","THIÊN PHONG CẤU","Giá từng nấc tăng lên, bên bán không có sức kéo xuống, bên mua kịp thời bán ra, không nên chạy theo đến cùng, phải cảnh giác dấu hiệu tình hình biến đổi."
"HỎA PHONG ĐỈNH","LÔI PHONG HẰNG","Qua một thời ký giá cao, đa số khách hàng đều mất lòng tin, nghe tin gì cũng cảm thấy hoang man, nếu manh động chạy theo thị trường dễ bị thua thiệt."
"HỎA THỦY VỊ TẾ","HỎA TRẠCH KHUÊ","Thị trường có hiện tượng đột biến không thể hành động theo mong muốn chủ quan, cẩn thận đề phòng bị mắc kẹt."
"HỎA THỦY VỊ TẾ","HỎA ĐỊA TẤN","Vào sàn giao dịch, gặp họa mà được phúc, chỉ là vì tạm thời mà mắc kẹt nhưng tình hình phát triển theo hướng ngược lại có lợi cho mình, cuối cùng lo lắng được xóa tan mà còn có lợi. "
"HỎA THỦY VỊ TẾ","HỎA PHONG ĐỈNH","Thị trường tấp nập, lòng người hăng hái, lôi cuốn mọi người chạy theo mua vào, giá cả tăng lên. Theo đà đó mà làm chẳng có gì mà không lợi."
"HỎA THỦY VỊ TẾ","SƠN THỦY MÔNG","Trong thị trường chứng khoán không thể cùng người khác mua bán, vì cách làm này luôn tạo nên thua thiệt, phương thức mua bán mỗi người một khác, cho nên nhất định phải căn cứ vào tình hình cụ thể của mình mà định ra phương án."
"HỎA THỦY VỊ TẾ","THIÊN THỦY TỤNG","Sau khi mở sàn, dựa theo xu thế mua vào, thấy lợi thì kịp thời bán ra, giữ hàng lại có rủi ro, lượng không nên nhiều."
"HỎA THỦY VỊ TẾ","LÔI THỦY GIẢI","Có khách hàng lớn vào sàn thao túng tạo nên cục diện bị động và mắc kẹt, lòng đầy lo lắng. Nên kịp thời nghĩ cách xử lý chứng phiếu bị kẹt, để lâu có hại lớn."
"SƠN THỦY MÔNG","SƠN TRẠCH TỔN","phải vô cùng cẩn thận, có triệu chứng thua lỗ lớn, cuối cùng tuy có lợi nhỏ, nhưng tổng thể vẫn là lỗ. Cho nên hôm nay phải tự thuyết phục mình, không nên tham gia, cho dù phán đoán chính xác cũng không nên nhập cuộc, đó là lời khuyến cáo bạn."
"SƠN THỦY MÔNG","SƠN ĐỊA BÁC","trong lúc kiếm tiền không nên coi thường người khác, khi thua lỗ không nên mủi lòng, nên có thái độ bình thường để ứng xử với sự việc phát sinh thì không có gì là không lợi."
"SƠN THỦY MÔNG","SƠN PHONG CỔ","Chạy theo thị trường sẽ không thuận lợi, đầu tiên bị kẹt, sau mấy lần vật lộn vất vả mới thoát được."
"SƠN THỦY MÔNG","HỎA THỦY VỊ TẾ","không nên mua bán những mặt hàng bạn không nắm chắc, tuy bỏ ra nhiều sức lực nhưng nguy cơ trùng trùng. Làm bất cứ việc gì cũng không nên không hiểu biết, vì như thế thường vất vả mà vẫn thất bại."
"SƠN THỦY MÔNG","PHONG THỦY HOÁN","trạng thái tâm lý của bạn không tốt, lo lắng cho nên hôm nay tuyệt đối không nên hành động."
"SƠN THỦY MÔNG","ĐỊA THỦY SƯ","Về lẽ đời mà nói, đồng thời có cái được cũng thường có cái mất, cho nên kiếm được nhiều thì cũng phải tốn một ít, đó là tình trạng hôm nay."
"PHONG THỦY HOÁN","PHONG TRẠCH TRUNG PHÙ","Nghe theo ý kiến người khác, mù quáng chạy theo thị trường, không giữ tình độc lập của mình, giá cả dao động lớn, mua bán đều không thuận, cầu tài không được."
"PHONG THỦY HOÁN","PHONG ĐỊA QUAN","Cần điều chỉnh tâm thái, không được nôn nóng, dục tốc bất đạt, nhập cuộc vội vàng sẽ thất bại."
"PHONG THỦY HOÁN","TỐN VI PHONG","Sự việc diễn ra ngược với mong muốn, giao dịch ban đầu tốt, về sau trắc trở, cầu tài không được. Tốt nhất không nhập cuộc."
"PHONG THỦY HOÁN","THIÊN THỦY TỤNG","Thị trường phát sinh hiện tượng khác thường, vào sàn không lợi. Có khách hàng lớn nhập cuộc, giá cả dao động lớn, tạm thời ngưng giao dịch, chờ thời cơ."
"PHONG THỦY HOÁN","SƠN THỦY MÔNG","Ban đầu giao dịch không thuận lợi, có trở ngại, xuất hiện thua lỗ. Nhưng không can gì, bình tĩnh hành động tình hình sẽ phát triển theo hướng có lợi, thua thiệt được bù đắp, cuối cùng còn có lãi. Không nên giữ hàng lại, nên kịp thời bán ra."
"PHONG THỦY HOÁN","KHẢM VI THỦY","Cho dù là chuyên gia thì cũng có lúc sai lầm, cho nên nói không tin không tin vào cách nhìn của người khác, hoặc dựa vào các biểu đồ, nên cẩn thận nghiên cứu thị trường, bồi dưỡng khả năng độc lập."
"THIÊN THỦY TỤNG","THIÊN TRẠCH LÝ","giao dịch rất tự tin, nhưng vì sự can thiệp của chính sách dẫn đến mất phần tiền lãi."
"THIÊN THỦY TỤNG","THIÊN ĐỊA BỈ","giá tăng gặp trở ngại, tạm thời mua bán không lợi, cuối cùng trở lực được phá vỡ, nhưng hôm nay lại xuất hiện xu thế ngược lại."
"THIÊN THỦY TỤNG","THIÊN PHONG CẤU","thấy giá thấp có thể mua nhiều, có thể lãi lớn. Cuối buổi chợ không nên chạy theo mua vào, không nên giữ hàng lại."
"THIÊN THỦY TỤNG","PHONG THỦY HOÁN","Cục diện hỗn loạn, muốn mua nhưng không mua được, mua nữa dù có thành cũng chẳng lợi gì. Ngược lại nghe được thông tin nào đó bất lợi, nhưng cuối cùng vẫn không gặp gì nguy hiểm."
"THIÊN THỦY TỤNG","HỎA THỦY VỊ TẾ","Họa vô đơn chí, câu nói này rất có lý, vốn đã biết nhập cuộc không có lợi, sau khi điều chỉnh lại còn bị mắc kẹt nặng hơn, buồn khổ nói không ra lời."
"THIÊN THỦY TỤNG","TRẠCH THỦY KHỐN","xu thế bị cản trở, việc làm thực tế khác với suy nghĩ của mình, nên mua bán chẳng được gì tuy không nguy hiểm."
"THIÊN HỎA ĐỒNG NHÂN","THIÊN SƠN ĐỘN","Tình hình ổn định, dao động khôn nhiều, tuy có những thông tin không lợi cho bạn, nhưng sẵn sàng bỏ qua, yên tâm mua bán sẽ có lợi."
"THIÊN HỎA ĐỒNG NHÂN","CÀN VI THIÊN","Là lúc bán ra tốt, không nên hy vọng giá cao lên nữa, không nên quá xúc động, cố chấp, như thế người sau đó thua lỗ sẽ là bạn."
"THIÊN HỎA ĐỒNG NHÂN","THIÊN LÔI VÔ VỌNG","Thị trường có trắc trở, ngưng đọng, lòng người bất an, mua bán dễ bị kẹt. Quan sát là chính, không được mù quáng nhập cuộc."
"THIÊN HỎA ĐỒNG NHÂN","PHONG HỎA GIA NHÂN","Thị trường tấp nập, lòng người khác nhau, hai bên mua bán đều không thuận hòa, không nên nhập cuộc, chờ thời cơ hành động."
"THIÊN HỎA ĐỒNG NHÂN","LY VI HỎA","Chứng phiếu bị kẹt đã có lối thoát, lòng vui vẻ dần, tốt nhất không nên vào sàn, chú ý nghỉ ngơi, chờ thời cơ."
"THIÊN HỎA ĐỒNG NHÂN","TRẠCH HỎA CÁCH","Xu thế có thay đổi lớn, trở lực của thị trường cũng rất lớn, lúc này tham gia không lợi, thế thủ là tốt nhất."
"CHẤN VI LÔI","LÔI ĐỊA DỰ","Mua bán tranh chấp căng thẳng, có xu thế bùng nổ, mọi người tuy hăng hái nhưng có vẻ khủng hoảng, không nắm chắc xu thế, do dự mãi cuối cùng bỏ lỡ thời cơ nhập cuộc. Không nên coi nhẹ lực lượng bên bán."
"CHẤN VI LÔI","LÔI TRẠCH QUY MUỘI","Tuy giá biến hóa khác thường, thị trường tiềm ẩn rủi ro lớn, nhưng không nguy hiểm cho bạn, không có gì bất lợi đối với mình, vẫn còn là vận may."
"CHẤN VI LÔI","LÔI HỎA PHONG","Cầu mong thắng lợi là mọi người đều muốn, nếu quá dụng tâm thì sẽ gây nên áp lực trong mua bán, đi đến cực đoan cuối cùng sẽ thất bại."
"CHẤN VI LÔI","ĐỊA LÔI PHỤC","Tưởng được mà hóa ra mất. Chú ý nắm vững thời cơ bán ra, áp lực bên bán lớn hơn, giá cả trượt xuống, không nên tham lam, cẩn thận đề phòng, về cuối lực lượng mua mới vào cuộc."
"CHẤN VI LÔI","TRẠCH LÔI TÙY","Thị trường tấp nập, cơ hội khi nào cũng có, khắp nơi đều là tiền bạc, điều khó khăn là bản thân ứng xử như thế nào, làm sao để nắm bắt được cơ hội. Chỉ có ra sức nghiên cứu, từ thực tiễn tổng kết bài kinh nghiệm, theo quy luật phát triển của thị trường mà hành động, không được tưởng tượng, không được ảo tưởng may rủi, cấm tham lam, bồi dưỡng cho mình đầu tư khoa học, lý tính vững vàng và khả năng ứng bie61nthi2 mới có thể là người thắng lợi."
"CHẤN VI LÔI","HỎA LÔI PHỆ HẠP","Thiếu lòng tin nên sau khi nhập cuộc cảm thấy lo sợ, cuối cùng đành phải rút lui."
"LÔI ĐỊA DỰ","CHẤN VI LÔI","Tùy cơ thao tác, không thể miễn cưỡng đeo đuổi một giá nào đó, giá cả không ổn định, có thể xuất hiện cao trào đột biến. Không nên vào sàn, chờ thời cơ mới hành động."
"LÔI ĐỊA DỰ","LÔI THỦY GIẢI","Nguồn tài rộng mở, có thể thu lợi lớn, chớ bỏ lỡ thời cơ, lúc này giá cả hơi xuống, về sau lại một mạch tăng lên."
"LÔI ĐỊA DỰ","LÔI SƠN TIỂU QUÁ","Xuất hiện trạng thái giao động nhỏ, nhập cuộc phải cẩn thận."
"LÔI ĐỊA DỰ","KHÔN VI ĐỊA","Thị trường hướng đến cực đoan, giá quanh quẩn dưới đáy, nên bình tĩnh chờ thị trường biến đổi, không nên nhập cuộc."
"LÔI ĐỊA DỰ","TRẠCH ĐỊA TỤY","Gặp được nhân hòa, có vận hội lãi lớn, mua bán khá thuận lợi."
"LÔI ĐỊA DỰ","HỎA ĐỊA TẤN","Giá tăng lên yếu ớt, không thể chỉ dựa vào tưởng tượng mà mua bán, nên tùy cơ điều chỉnh phương án của mình, nếu mau bán tùy tiện không những thua lỗ mà còn mất công."
"LÔI THỦY GIẢI","LÔI TRẠCH QUY MUỘI","Mua vào giá thấp, mua nhanh bán nhanh sẽ có lợi, không nên giữ lại hàng."
"LÔI THỦY GIẢI","LÔI ĐỊA DỰ","Sau khi nhập cuộc giá cả tiếp tục hạn xuống, bán ra ở khu vực giá cao thì nhất định có lợi. Chỉ nên mua bán nhanh, không nên làm ăn trung dài hạn."
"LÔI THỦY GIẢI","LÔI PHONG HẰNG","Biết đủ thì vui mừng, tham lam là điều cấm kỵ đầu tiên trong thị trường chứng khoán, bình tĩnh, ôn hòa, vào sàn đúng lúc là đại cát đại lợi."
"LÔI THỦY GIẢI","ĐỊA THỦY SƯ","Không nên mua vào, càng không nên tăng số lượng. Mua bán có trở ngại, thắng lợi không dễ, cẩn thận đề phòng bị mắc kẹt, so sánh thì sức bán mạnh hơn sức mua, giá cao nên bán ra."
"LÔI THỦY GIẢI","TRẠCH THỦY KHỐN","Mọi người đều say, chỉ riêng mình tỉnh, cho dù mọi người làm gì, bản thân nhất định phải hành động theo kế hoạch của mình, hành động cẩn thận, nhất định thu lãi."
"LÔI THỦY GIẢI","HỎA THỦY VỊ TẾ","Khắp nơi đầy tiền, làm thế nào để dành phần thắng? Điều trước hết là phải có trí tuệ, tiếp theo là nỗ lực, đầu tư khoa học, không được tham lam, không được ngông cuồng, v.v., chỉ có đầy đủ những đức tính đó mới có triển vọng là người thắng lợi trong thị trường chứng khoán."
"LÔI PHONG HẰNG","LÔI THIÊN ĐẠI TRÁNG","Nhập cuộc bị kẹt, lại chưa muốn bán ra, chẳng có cách nào khác."
"LÔI PHONG HẰNG","LÔI SƠN TIỂU QUÁ","Giá từ cao rơi xuống thấp, thuận theo xu thế mà phán đoán hướng đi của thị trường, không nên nhập cuộc."
"LÔI PHONG HẰNG","LÔI THỦY GIẢI","Lượng sức mà làm, dục tốc bất đạt, giá cả cao càng có xu hướng bật ngược trở lại."
"LÔI PHONG HẰNG","ĐỊA PHONG THĂNG","Nhập cuộc gặp trở ngại, nên ngừng giao dịch, nếu không sẽ mắc kẹt, không có cách giải thoát."
"LÔI PHONG HẰNG","TRẠCH PHONG ĐẠI QUÁ","Trong thị trường ổn định tiềm ẩn nguồn năng lượng lớn, đến trước thị trường dao động nên giữ thái độ trầm tĩnh, có dũng có mưu, so sánh bên bán và bên mua thì bên mua vào có lợi."
"LÔI PHONG HẰNG","HỎA PHONG ĐỈNH","Thừa thắng truy kích, có gì mà phải sợ?"
"ĐỊA PHONG THĂNG","ĐỊA THIÊN THÁI","Không có rủi ro, nắm vững sự biến đổi của thị trường, làm theo phương án của mình, nhập cuộc sẽ có lợi."
"ĐỊA PHONG THĂNG","ĐỊA SƠN KHIÊM","Bán ra ở mức giá cao có triển vọng thu lợi, mua bán không rõ ràng, trong lòng lo lắng. Nên mua bán nhanh, không nên giữ hàng lại."
"ĐỊA PHONG THĂNG","ĐỊA THỦY SƯ","Bên bán áp lực khá lớn, nhưng vì bên mua chống đỡ lại nên giá cả không bị trượt xuống mà xuống từng nấc theo bậc thang, thấy bán lợi thì kịp thời bán ra. Về cuối không nên chạy theo bán nữa."
"ĐỊA PHONG THĂNG","LÔI PHONG HẰNG","Sau khi nhập cuộc chú ý mua vào, giá tăng cao sẽ có triển vọng, không được do dự, phải dứt khoát thì sẽ thu lợi lớn."
"ĐỊA PHONG THĂNG","THỦY PHONG TỈNH","Có khách lớn mua vào, giá cả vì thế dao động lên xuống, mua bán nhanh là chính, rủi ro ít, lợi nhuận nhiều."
"ĐỊA PHONG THĂNG","SƠN PHONG CỔ","Thị trường biến đổi bất ngờ khiến cho chứng phiếu bị kẹt được giải thoát, thật là vui vẻ, nhưng không nên vì thế mà chủ quan."
"THỦY PHONG TỈNH","THỦY THIÊN NHU","Không có rủi ro, cầu tài có triển vọng, áp lực bên mua khá lớn, lượng giao dịch không nên nhiều."
"THỦY PHONG TỈNH","THỦY SƠN KIỀN","Nhập cuộc sẽ thắng lợi, nhưng không nên vì thế mà hành động tùy tiện, trước hết phải có kế hoạch hành động, không nên chạy theo cảm giác, cẩn thận đề phòng thị trường phát sinh bất ngờ, dẫn đến chuốc lấy thất bại."
"THỦY PHONG TỈNH","KHẢM VI THỦY","Nhất định phải kiềm chế mình, không được nhập cuộc, thị trường có sức hấp dẫn lớn, nhưng nếu vội vàng sẽ mắc kẹt."
"THỦY PHONG TỈNH","TRẠCH PHONG ĐẠI QUÁ","Dao động không yên, đề phòng hành động quá sức mình, lượng sức mà làm, nếu không gặp khi thị trường đột biến thì lực bất tòng tâm, chuốc lấy thất bại. Cao trào này qua đi giá cả sẽ xuống thấp."
"THỦY PHONG TỈNH","ĐỊA PHONG THĂNG","Lực lượng bên mua hùng mạnh, không được xem thường, bên bán tuy muốn áp đảo nhưng không áp đảo nổi. Bán ra phải cẩn thận, nên thuận xu thế mua vào thì sẽ thu lợi."
"THỦY PHONG TỈNH","TỐN VI PHONG","Thị trường sức mua khá lớn, có thể thuận theo xu thế mà làm, giữ hàng lại có lợi, rất dễ bỏ lỡ cơ hội nhập cuộc, nếu lòng tin không đủ thì tạm thời không nên nhập cuộc."
"TRẠCH PHONG ĐẠI QUÁ","TRẠCH THIÊN QUẢI","Giá tiếp tục lên cao, mọi người chỉ mong đến đỉnh, không dám mua vào, mà chỉ dám bán ra, kết quả không những không có lợi mà còn bị kẹt."
"PHONG THIÊN TIỂU SÚC","SƠN THIÊN ĐẠI SÚC","nhân tố chính sách khiến thị trường phát sinh biến đổi, theo đà đó mà mua bán có thể thu lãi. Thị trường sẽ không phụ lòng đối với những người làm việc cần mẫn và nhiệt tình."
"PHONG THIÊN TIỂU SÚC","THỦY THIÊN NHU","Không nên mặc cảm với thất bại trước đây, hãy gạt suy nghĩ lan man sang một bên, đứng trước thị trường không ngừng biến động, căn cứ tình hình cụ thể của mình, cố gắng hành động để thu lợi."
"PHONG HỎA GIA NHÂN","PHONG SƠN TIỆM","Bên bán có sức áp đảo, nhưng bên mua cũng không chịu thua, xuất hiện trạng thái bình thường, mua bán nhanh là chính."
"PHONG HỎA GIA NHÂN","PHONG THIÊN TIỂU SÚC","Bên mua hoành hành, bên bán áp đảo trở lại, bên mua hơi thất thế, nhưng thị trường người mua nhiều hơn người bán, về cuối giá cả vẫn lên cao."
"PHONG HỎA GIA NHÂN","PHONG LÔI ÍCH","Trong TTCK, những trường hợp gây cho mình lo lắng là bình thường, cần phải biết cách thích  nghi với những biến đổi đột biến này, trước hết phải giữ được tình cảm ổn định, chỉ có ổn định mới có thể phân tích được tình hình biến đổi, từ đó có phương án hành động đúng. Trong tình hình hiện nay tốt nhất là không nên nhập cuộc vì rủi ro rất lớn."
"PHONG HỎA GIA NHÂN","THIÊN HỎA ĐỒNG NHÂN","Hai bên mua bán tranh chấp cuối cùng bên mua chiếm thế thượng phong, vì thế nhập cuộc nên nghiên cứu cẩn thận để đề ra sách lược, cẩu thả thì sẽ bị mắc kẹt."
"PHONG HỎA GIA NHÂN","SƠN HỎA BÔN","Không nên bị một số hiện tượng mê hoặc, làm rõ nhân tố chủ yếu gây ảnh hưởng đến tình hình, không nên nhập cuộc vì không có lợi."
"PHONG HỎA GIA NHÂN","THỦY HOẢ KÝ TẾ","Mua bán đều tỏ ra hoang mang, không được manh động, thế thủ là tốt nhất"
"PHONG LÔI ÍCH","PHONG ĐỊA QUAN","Bên bán áp đảo, bên mua thủ thế, giá cả trượt xuống, cuối cùng vì bên bán đã bán hết nên giá cả hơi tăng lên."
"PHONG LÔI ÍCH","PHONG TRẠCH TRUNG PHÙ","Xu thế không rõ ràng, cầu tài khó khăn, không nên nhập cuộc."
"PHONG LÔI ÍCH","PHONG HỎA GIA NHÂN","Mọi người chan hòa, thị trường tấp nập, vào sàn giao dịch trôi chảy, sẽ thu lợi lớn."
"PHONG LÔI ÍCH","THIÊN LÔI VÔ VỌNG","Xu thế rõ ràng nhưng nhập cuộc không dễ thắng, bởi vì có biến đổi ngẫu nhiên, lợi nhuận trong tầm tay mà tuột mất. Không nên vào sàn, không nên quá tự tin mà sinh ra mù quáng."
"PHONG LÔI ÍCH","SƠN LÔI DI","chứng phiếu bị kẹt đã được giải thoát, thị trường xuất hiện biến đổi gì cũng không gây ra rủi ro, không nên mua bán mới, thế thủ là tốt."
"PHONG LÔI ÍCH","THỦY LÔI TRUÂN","Không tin gì gây cho mọi người phải sửng sốt, chỉ có hai bên mua bán cạnh tranh tự nhiên, lượng giao dịch không lớn, nhập cuộc rủi ro bình thường, có thể thu lợi ít."
"THIÊN LÔI VÔ VỌNG","THIÊN ĐỊA BỈ","Không thể nôn nóng, thế thủ là tốt, hành động mù quáng thì nguy hiểm, nên nghỉ ngơi quan sát."
"THIÊN LÔI VÔ VỌNG","THIÊN TRẠCH LÝ","Thị trường tấp nập, tinh thần hăng hái, dựa theo xu thế mà vào sàn có thể thu lợi."
"THIÊN LÔI VÔ VỌNG","THIÊN HỎA ĐỒNG NHÂN","Hai bên mua bán tranh nhau, cuối cùng bên mua chủ động, hành động phải cẩn thận."
"THIÊN LÔI VÔ VỌNG","PHONG LÔI ÍCH","Vận khí dần dần hanh thông, là thời cơ thành đại nghiệp, nhưng phải quyết đoán, mạnh bước tiến lên, không được do dự, không được vì thắng lợi mà mất cảnh giác, giá cả đi lên, từ đây phải cẩn thận."
"THIÊN LÔI VÔ VỌNG","HỎA LÔI PHỆ HẠP","Có chia rẽ, tuy có lợ nhưng cũng bị sứt mẻ, nhập cuộc phải chú ý điều chỉnh."
"THIÊN LÔI VÔ VỌNG","TRẠCH LÔI TÙY","Có dấu hiệu thất bại, nhập cuộc phải cẩn thận."
"HỎA LÔI PHỆ HẠP","HỎA ĐỊA TẤN","Đồng thời với việc kết thúc giá trượt xuống, bên mua đã mua vào, bên bán rủi ro rất lớn, mua bán nhanh là chính."
"HỎA LÔI PHỆ HẠP","HỎA TRẠCH KHUÊ","Thị trường rơi vào cực đoan, nhập cuộc lòng sẽ lo lắng, thiếu tự tin, không nên hành động, nghỉ ngơi chờ thời."
"TRẠCH PHONG ĐẠI QUÁ","TRẠCH SƠN HÀM","Mua vào nhiều không thể ôm lâu, cảnh giác xu thế chuyển đổi gây nên bị động."
"TRẠCH PHONG ĐẠI QUÁ","TRẠCH THỦY KHỐN","Cát tinh cao chiếu, ra cửa là gặp điều vui, thuận theo xu thế bán ra chẳng có gì nguy hiểm, cầu tài là được."
"TRẠCH PHONG ĐẠI QUÁ","THỦY PHONG TỈNH","Không thể ứng dung một cách giáo điều các loại lý thuyết, càng không thể tự cao tự phụ, hành động làm liều, vì cuối cùng sẽ chuốc lấy thất bại."
"TRẠCH PHONG ĐẠI QUÁ","LÔI PHONG HẰNG","Chú ý ở giá cả thích hợp mua vào, có thể lãi lớn."
"TRẠCH PHONG ĐẠI QUÁ","THIÊN PHONG CẤU","Giá lên cao, cảnh giác về sau giá có biến đổi. Ơ giá cao thích hợp nên bán ra."
"TRẠCH LÔI TÙY","TRẠCH ĐỊA TỤY","Vận khí thuận lợi, hợp tác với chu quanh để tìm ra xu thế tình hình, thuận theo đà mà vào sàn, giữ cho tâm tình thoải mái, nhất định sẽ có lãi."
"TRẠCH LÔI TÙY","ĐOÀI VI TRẠCH","Không nên nghe ý kiến người khác, người nói giá lên, người nói giá xuống làm cho bạn dao động, dứt khoát không làm."
"TRẠCH LÔI TÙY","TRẠCH HỎA CÁCH","Không nên nhập cuộc, rủi ro lớn, thậm chí bị thua thiệt, nếu nhất thiết phải mua bán thì nên cẩn thận, thị trường sẽ xuất hiện biến cố, khiến cho bạn bị động, trong lòng hối tiếc."
"TRẠCH LÔI TÙY","THỦY LÔI TRUÂN","Khắp nơi đầy tiền, quan sát thị trường biến đổi, giá cả vẫn còn cao, sẽ dần dần tụt xuống, thời cơ nhập cuộc thích hợp, có thể giữ chứng phiếu lại, không có gì nguy hiểm."
"TRẠCH LÔI TÙY","CHẤN VI LÔI","Người ta bịa đặt để mê hoặc chung quanh, không khí thị trường không chính đáng, không nên nhập cuộc."
"TRẠCH LÔI TÙY","THIÊN LÔI VÔ VỌNG","Là lúc hai bên mua bán nhìn nhau thăm dò, lúc đó có thê tạm thời chỉnh lý, tổng kết bài học kinh nghiệm, nghiên cứu sách lược cho bước sau."
"TỐN VI PHONG","PHONG THIÊN TIỂU SÚC","Xu thế không rõ, trong lòng mê muội, có khách hàng lớn nhập cuộc mua vào, giá cả tăng lên. Không đủ lòng tin để nhập cuộc, cho nên tốt nhất là đứng ngoài quan sát."
"TỐN VI PHONG","PHONG SƠN TIỆM","Trong lòng đầy mê hoặc, không nắm chắc thực lực hai bên mua bán, được không bằng mất, nên cẩn thận đề phòng lực lượng bên bán."
"TỐN VI PHONG","PHONG THỦY HOÁN","Lòng người phân tán, áp lực bên bán khá lớn, nhập cuộc lợi ít, phải cẩn thận đề phòng những lời bịa đặt, làm bỏ lỡ thời cơ."
"TỐN VI PHONG","THIÊN PHONG CẤU","Có thể thắng lớn, chú ý nắm chắc tình hình, phân phối tốt lượng hàng, thuận theo xu thế mà hành động có thể sẽ tăng thêm lợi nhuận. Có khách hàng lớn nhập cuộc, thấy lợi thì kịp thời bán ra, về cuối không nên lại mua vào."
"TỐN VI PHONG","SƠN PHONG CỔ","Tình hình có hiện tượng khác thường, thị trường tiềm ẩn rủi ro cực lớn. Nhập cuộc dễ bị mắc kẹt."
"TỐN VI PHONG","THỦY PHONG TỈNH","Đáng lẽ giá cao thì lại giảm, vào sàn bị mê hoặc, do đó tạm thời nên chờ đợi cho xu thế rõ ràng."
"PHONG THIÊN TIỂU SÚC","TỐN VI PHONG","Nhập cuộc không lợi, nên cẩn thận."
"PHONG THIÊN TIỂU SÚC","PHONG HỎA GIA NHÂN","Thị trường xuất hiện cảnh tượng hoan hỉ tấp nập, mọi người hăng hái, tùy xu thế mà mua bán, không có gì nguy hiểm."
"PHONG THIÊN TIỂU SÚC","PHONG TRẠCH TRUNG PHÙ","Mọi người tuy hăng hái nhưng nhân tố tự nhiên ảnh hưởng đến xu thế, lại có khách hàng mới nhập cuộc, lúc đó bình tĩnh quan sát, không nên vào sàn."
"PHONG THIÊN TIỂU SÚC","CÀN VI THIÊN","Giá giao dịch đột biến, lại gặp lực cản, mua bán không thuận, dễ bị kẹt, kết quả mất công toi, còn gây bị động cho bước sau."
"HỎA LÔI PHỆ HẠP","LY VI HỎA","Chờ thời cơ thích hợp vào sàn, mua bán nhanh, thấy lợi thì bán ra, không nên giữ lại."
"HỎA LÔI PHỆ HẠP","SƠN LÔI DI","Bên mua nhảy vào thử nghiệm, bên bán chờ thời cơ để áp đảo, không nên chạy theo mua vào, nếu không sẽ bị kẹt."
"HỎA LÔI PHỆ HẠP","THIÊN LÔI VÔ VỌNG","Sự việc ngược lại với ý muốn, mua vào bị kẹt."
"HỎA LÔI PHỆ HẠP","CHẤN VI LÔI","Nhập cuộc mua bán, giữa chừng tình hình đột biến, bi mắc kẹt không có lợi, không nên chạy theo thị trường."
"SƠN LÔI DI","SƠN ĐỊA BÁC","Áp lực bán ra khá lớn, chạy theo mua vào sẽ bị kẹt, nếu có chứng phiếu bị kẹt nên kịp thời bán ra, không nên giữ lại lâu, bán ra sẽ có lợi."
"SƠN LÔI DI","SƠN TRẠCH TỔN","So sánh lực lượng, bên bán mạnh hơn, bên mua thế thủ, chú ý vật đến cùng cực sẽ quy trở lại."
"SƠN LÔI DI","SƠN HỎA BÔN","Có khách hàng lớn thao túng, cục diện dao động, rủi ro khá lớn."
"SƠN LÔI DI","HỎA LÔI PHỆ HẠP","Thấy thấp thì mua, đó là sách lược mua bán của mỗi ngày."
"SƠN LÔI DI","PHONG LÔI ÍCH","Nắm vững lợi ích vừa giành được, nhưng không thể vì thế mà hành động do dự, nếu không sẽ chuốc lấy thất bại."
"SƠN LÔI DI","ĐỊA LÔI PHỤC","Đeo đuổi bán ra có thể lợi lớn, chú ý quyết toán kịp thời, về cuối có người mua vào, giá sẽ tăng lên."
"SƠN PHONG CỔ","SƠN THIÊN ĐẠI SÚC","Giá liên tục giảm xuống. Nhưng vật đến cùng cực sẽ quay ngược lại, đầu bán đã bán hết, đầu mua đang đang tích lũy lực lượng."
"SƠN PHONG CỔ","CẤN VI SƠN","Giá tăng yếu ớt, áp lực bán ra khá lớn, xu thế không rõ ràng, nên quan sát chờ đợi."
"SƠN PHONG CỔ","SƠN THỦY MÔNG","Thị trường có rủi ro, phải chú ý quan sát, không nên nhập cuộc, lợi nhuận không lớn, không cần thiết mạo hiểm."
"SƠN PHONG CỔ","HỎA PHONG ĐỈNH","Thành thật chờ đợi tất sẽ thành công, từ đây giá cả sẽ lên cao, nên mua vào."
"SƠN PHONG CỔ","TỐN VI PHONG","Mẫu thuẫn được hóa giải, lỗ được bù đắp, hơn nữa còn lãi."
"SƠN PHONG CỔ","ĐỊA PHONG THĂNG","Giá cả dần dần tăng lên, không thể mù quáng nhập cuộc, vì thị trường ngẫu nhiên có sự cố nên dễ bị kẹt."
"KHẢM VI THỦY","THỦY TRẠCH TIẾT","Mua bán ngang sức nhau, giá cả lên xuống không ổn định, nhập cuộc rủi ro lớn, nên chờ thời cơ."
"KHẢM VI THỦY","THỦY ĐỊA TỶ","Thị trường dao động, giá cả trượt xuống, không nên mua bán."
"KHẢM VI THỦY","THỦY PHONG TỈNH","Chứng phiếu bị kẹt được giải thoát, mua mới vào sẽ có lãi, giá thấp có triển vọng lên cao, nhưng sức mua tăng không mạnh, dù vậy chẳng có gì không lợi."
"KHẢM VI THỦY","TRẠCH THỦY KHỐN","Tình hình có đột biến, giá cả không ổn định, mọi người lo lắng, xu thế không rõ ràng, không nên nhập cuộc."
"KHẢM VI THỦY","ĐỊA THỦY SƯ","Có biến đổi mới, hầu như đột biến, làm cho bạn không kịp quan sát, mua bán tranh nhau, mua vào không nên giữ lâu, nếu không sẽ bị mắc kẹt."
"KHẢM VI THỦY","PHONG THỦY HOÁN","Thị trường nhạt nhẽo, tinh thần uể oải, bên mua tham gia thị trường để làm thử, nhưng phản ứng không lớn, giá cả vẫn nằm ở mức thấp. Nhập cuộc dễ bị kẹt."
"THỦY TRẠCH TIẾT","KHẢM VI THỦY","Thị trường rủi ro rất lớn, xu thế không rõ, lòng người không ổn định, mua bán hỗn chiến, nhập cuộc sẽ bị mắc kẹt. Tốt nhất đứng ngoài. "
"THỦY TRẠCH TIẾT","THỦY LÔI TRUÂN","Tham lam sẽ thất bại, tính tình không tốt thì không nên nhập cuộc. Thực lực bên mua vừa phải, mua vào phải cẩn thận, không thể làm liều, tuy không rủi ro nhưng cũng không có lợi."
"THỦY TRẠCH TIẾT","THỦY THIÊN NHU","Thị trường tuy tấp nập, nhưng có vẻ hỗn loạn. Sức mua của thị trường khá lớn, giá cả dao động nhiều, mọi người đều không chú ý, xu thế khong rõ, giao dịch phải cẩn thận, cần kiên nhẫn chờ đợi."
"THỦY TRẠCH TIẾT","ĐOÀI VI TRẠCH","Mâu thuẫn được hóa giải, thua lỗ được bù đắp, chú ý bán chứng phiếu ra, không nên mua mới, không nên giữ lại."
"THỦY TRẠCH TIẾT","ĐỊA TRẠCH LÂM","Chủ quan cho rằng mình là cừ nhất, vì tạm thời lãi được một ít mà bước sau bắt đầu thua lỗ. Lòng tham lại nổi lên, càng chuốc lấy bất lợi. Về cuối giá cả hạ xuống, cần đề phòng có khách hàng lớn nhập cuộc mua vào."
"THỦY TRẠCH TIẾT","PHONG TRẠCH TRUNG PHÙ","Thị trường tấp nập, lòng người hăng hái, nên mua bán nhanh, vào nhanh ra nhanh sẽ thu lợi lớn, không nên do dự. "
"THỦY LÔI TRUÂN","THỦY ĐỊA TỶ","Có rủi ro, không nên mua bán. E rằng bạn không kìm được mình, mua vào nhiều, trong ngày không bán ra được sẽ bị mắc ket."
"THỦY LÔI TRUÂN","THỦY TRẠCH TIẾT","Thị trường sôi động, có biến đổi lớn, nhưng bạn phải cẩn thận, cần hành động theo xu thế, đó cũng là nguyên tắc chung để không thất bại. Đi ngược xu thế luôn bị sai lầm."
"THỦY LÔI TRUÂN","THỦY HOẢ KÝ TẾ","Giá cả biến động rõ rệt, bạn xem nên mua bán loại chứng khoán nào ? Hôm nay nhất định sẽ có lãi, hy vọng bạn mua bán cẩn thận. So sánh giữa mua và bán thì sức mua lớn hơn."
"THỦY LÔI TRUÂN","TRẠCH LÔI TÙY","Thoát ra từ giá cao, rồi lại tiếp tục lên cao. Hôm nay phải nắm chắc thời cơ, bán cao mua thấp, mua bán nhiều lần sẽ thu lợi lớn."
"THỦY LÔI TRUÂN","ĐỊA LÔI PHỤC","Hôm nay bất ngờ nghe được những tin bất lợi, lo lắng chứng khoán của mình bị kẹt, bị thua lỗ. Nhưng không nên hốt hoảng vì không có rủi ro."
"THỦY LÔI TRUÂN","PHONG LÔI ÍCH","Thị trường bao la, xu thế rõ ràng, mọi người mua bán tấp nập, nhưng bạn lại lo lắng không dám nhập cuộc."
"THỦY HOẢ KÝ TẾ","THỦY SƠN KIỀN","Lực lượng mua bán ngang nhau, giá cả dao động, xu thế không rõ ràng, có thể căn cứ tình hình để bán hay mua đều được, không có lợi lớn."
"THỦY HOẢ KÝ TẾ","THỦY THIÊN NHU","Nhập cuộc tinh thần hăng hái, sức mua thị trường khá lớn, về cuối giá cả tăng lên, thuận theo xu thế mà vào sàn sẽ có thu nhập lớn. Cẩn thận đề phòng có sự phá hoại nhỏ. "
"THỦY HOẢ KÝ TẾ","THỦY LÔI TRUÂN","Từ hiện tượng mà xét thì không có dấu hiệu gì đặc biệt phải lo ngại, có thể giao dịch một ít để làm thử, sức mua không đủ mạnh, bên bán áp đảo, thua lỗ ít nhưng tổng thể mà xét thì vẫn còn chủ động."
"THỦY HOẢ KÝ TẾ","TRẠCH HỎA CÁCH","Thị trường dần dần tấp nập, lượng giao dịch lớn, thuận theo xu thế mà vào sàn có thể thu lợi, dùng phương thức hành động khác với mọi người thì sẽ thắng lớn. Vừa phải mạnh dạn, vừa phải hiểu biết, cấm mù quáng. "
"THỦY HOẢ KÝ TẾ","ĐỊA HỎA MINH DI","Vì quá tham mà chuốc lấy thất bại. Lòng tham là kẻ địch của mua bán, nên lấy đó làm tiếng chuông cảnh tỉnh, luôn luôn phải cảnh giác, nếu không sẽ không bao giờ được ổn định, cho dù tạm thời có lợi thì cuối cùng vẫn bị thị trường đào thải."
"THỦY HOẢ KÝ TẾ","PHONG HỎA GIA NHÂN","Mua bán tranh chấp, rủi ro khắp nơi, không thể mù quáng chạy theo. Thấy cao thì bán ra sẽ thắng lợi, giữ hàng không lợi."
"TRẠCH HỎA CÁCH","TRẠCH SƠN HÀM","Vận khí không thông, nhập cuộc có rủi ro, không những chẳng được gì mà còn bị mắc kẹt. Tạm thời quan sát. Giá cả dao động, rất khó nắm bắt thời cơ."
"TRẠCH HỎA CÁCH","TRẠCH THIÊN QUẢI","Sau khi điều chỉnh, xu thế thị trường rõ dần, lòng người cũng chuyển biến tốt hơn, sức mua bán không ngừng tăng lên, xu thế mả hành động thì sẽ thành công."
"TRẠCH HỎA CÁCH","TRẠCH LÔI TÙY","Giá cả lên xuống có trật tự, thị trường vận hành ổn định, mua bán nhanh là chính, rủi ro ít, sẽ có lợi."
"TRẠCH HỎA CÁCH","THỦY HOẢ KÝ TẾ","Xu thế mua bán không rõ ràng, trong lòng không nắm chắc, hành động dễ mù quáng. Nên quan sát chờ thời."
"TRẠCH HỎA CÁCH","LÔI HỎA PHONG","Vận khí khai thông, mua bán không có gì đáng lo, có thế lợi lớn. Chú ý nắm chắc thời cơ, không được do dự."
"TRẠCH HỎA CÁCH","THIÊN HỎA ĐỒNG NHÂN","Vật cực tất phải quay trở lại, giá cả trượt xuống cực điểm, ở giá đáy bên mua sẽ nhập cuộc, chuẩn bị tốt để đón thị trường biến đổi, không được mù quáng chạy theo bán ra, phân phối tốt thực lực của mình, ở giá thích hợp mua thử một ít."
"LÔI HỎA PHONG","LÔI SƠN TIỂU QUÁ","Bị mắc kẹt mà không giải quyết được. Về cuối giá cả lao động trong biên độ hẹp, không nên mua bán mới. Cần kịp thời điều chỉnh để thoát khỏi khó khăn, chú ý nắm chắc tình hình."
"LÔI HỎA PHONG","LÔI THIÊN ĐẠI TRÁNG","Không nên hành động, cầu tài không được, thị trường có trở ngại, cảnh giác về cuối có đột biến. Về sau giá cả tăng lên."
"LÔI HỎA PHONG","CHẤN VI LÔI","Mua bán phải có đầu óc ứng biến, không nên giữ mãi ý nghĩ mua hay bán theo một chiều. Thị trường phát triển không ổn định, nên hành động phải cẩn thận. Nếu trong tay có chứng phiếu bị kẹt thì đây là thời cơ bán ra, mua bán mới sẽ không có lợi."
"LÔI HỎA PHONG","ĐỊA HỎA MINH DI","Tình hình có phát triển, tuy không ổn định lắm nhưng không rủi ro nhiều. Ap lực bên bán khá lớn, mua vào phải cẩn thận, về cuối vì bên bán bán hết, dẫn đến giá cả lên cao. Nên mua bán nhanh, giữ hàng lại không lợi."
"LÔI HỎA PHONG","TRẠCH HỎA CÁCH","Bĩ cực thái lai, vượng cực tất suy, bất cứ lúc nào cũng phải bình tĩnh cao độ. Nhập cuộc nên căn cứ tình hình thực tế của mình, dùng những phương thức mới, hành động dứt khoát thì có thể cứu vãn tình thế, thu lợi càng lớn hơn."
"LÔI HỎA PHONG","LY VI HỎA","Thị trường có đột biến, không thể nhập cuộc mù quáng, cẩn thận kẻo bị thua thiệt."
"ĐỊA HỎA MINH DI","ĐỊA SƠN KHIÊM","Chân đã bước đi mà lòng còn đứng lại, tình hình biến đổi tuy không lớn nhưng trong đó tiềm ẩn rủi ro, không nên nhập cuộc, nếu hành động miễn cưỡng thì không những không lợi mà còn mang thêm lo lắng"
"ĐỊA HỎA MINH DI","ĐỊA THIÊN THÁI","Mua bán có lo lắng, sau khi bị kẹt nên chờ đợi, tình hình phát triển cuối cùng chuyển đổi rõ rệt, chứng phiếu bị kẹt được giải thoát và còn thu ít lãi."
"ĐỊA HỎA MINH DI","ĐỊA LÔI PHỤC","Nhìn gió có vẻ trời sắp mưa, nhưng hôm nay dựa vào thông tin thị trường để hành động thì sẽ bị lỗ."
"ĐỊA HỎA MINH DI","LÔI HỎA PHONG","Cho dù thị trường biến đổi ra sao đều có một quy luật xuyên suốt trong đó. Nói một cách khái quát, hai bên mua bán dù đối địch như thế nào thì sự biến đổi cao thấp của giá cả là kết quả so sánh lực lượng nhất thời của hai bên quyết định. Nguyên nhân cơ bản là chịu sự ảnh hưởng của mối quan hệ cung cầu. Trên thị trường luôn có một lực luowngj vo hình chi phối và điều tiết. Lực lượng này luôn luôn giúp đỡ kẻ yếu một cách vô ý thức, bất cứ lúc nào cũng thúc đẩy hai bên mua bán hướng tới cân bằng nhau. Vật đến cùng cực tất sẽ quay trở lại."
"ĐỊA HỎA MINH DI","THỦY HOẢ KÝ TẾ","Nên quan sát chờ đợi, nhập cuộc sẽ bị kẹt."
"ĐỊA HỎA MINH DI","SƠN HỎA BÔN","Có khách hàng mới nhập cuộc mua vào, nhưng giá tăng chậm, nếu chỉ căn cứ hiện tượng mà mua vào thì cuối cùng sẽ bị kẹt."
"ĐỊA THỦY SƯ","ĐỊA TRẠCH LÂM","Hôm nay nhập cuộc không lợi, mua bán dễ bị kẹt. Nếu nhất định mua có thể gặp giá thấp mua vào, sau đó bán ngay. Không nắm bắt tốt sẽ bị lỗ."
"ĐỊA THỦY SƯ","KHÔN VI ĐỊA","Mọi người uể oải, áp lực bán rất lớn, sẽ xuất hiện sự trượt đến đáy, hành động theo xu thế sẽ không có nguy hiểm lớn mà còn thu lợi."
"ĐỊA THỦY SƯ","ĐỊA PHONG THĂNG","Vứt bỏ hiện tượng, nhìn rõ bản chất, nhìn không chuẩn xu thế thị trường thì không nên kết luận. Xu thế thị trường không đổi, tin tức không chuẩn, nếu vào sàn thì sẽ bị lỗ, đứng ngoài quan sát là tốt nhất."
"ĐỊA THỦY SƯ","LÔI THỦY GIẢI","Hai bên mua bán cạnh tranh bình thường, giá cả lên xuống rõ rệt, thuận theo xu thế mà mua bán thì nhất định có lợi."
"ĐỊA THỦY SƯ","KHẢM VI THỦY","Thị trường hỗn loạn, không dễ nhập cuộc, chứng tỏ cổ phiếu đã bị kẹt, hoặc hôm nay mua vào sẽ bị kẹt. Nên bình tĩnh, thị trường không lợi cho bạn, tốt nhất là quan sát, không được làm liều."
"ĐỊA THỦY SƯ","SƠN THỦY MÔNG","Không có khả năng phán đoán xu thế của thị trường, rơi vào trạng thái nghi ngờ, khó nghĩ. Lúc đó tốt nhất là đứng ngoài phân tích thị trường, tăng cường lòng tin"
"CẤN VI SƠN","SƠN HỎA BÔN","Thị trường tuy tấp nập, nhưng tinh thấn uể oải, giao dịch không hoạt bát, không nên hy vọng quá cao, không để cho một số hiện tượng mê hoặc. Nhập cuộc phải cẩn thận, không có lợi lớn."
"CẤN VI SƠN","SƠN PHONG CỔ","Nên quan sát, phân tính tình hình, xem mọi người chung quanh rồi mới quyết định. Thấy thấp mua vào là chính, không nên giữ hàng lại."
"CẤN VI SƠN","SƠN ĐỊA BÁC","Có dấu hiệu bị thua lỗ, chứng phiếu bị kẹt, không nên kéo dài, nên có biện pháp dứt khoát, giá cả tăng  lên yếu ớt, có khả năng giảm xuống."
"CẤN VI SƠN","HỎA SƠN LỮ","Mua bán thiếu lòng tin, mua bán tranh chấp trở ngại, giá cả dao động, gặp cuộc tuy rủi ro nhưng vẫn có lợi để thu nhập. Mua bán nhanh là chính, không nên giữ hàng lại."
"CẤN VI SƠN","PHONG SƠN TIỆM","Thị trường có vẻ đầy triển vọng, phải nắm chắc thời cơ, cố gắng phấn đấu, tạm thời không có lợi để cầu, nhưng thuận theo xu thế mà hành động, giữ hàng lại sẽ lợi lớn."
"CẤN VI SƠN","ĐỊA SƠN KHIÊM","Thị trường có cảnh tượng tấp nập, hân hoan, hành động theo kế hoạch của mình thì không có rủi ro, nhưng không nên kiêu ngạo chủ quan, phải lượng sức mình, không được xem thường áp lực bên bán."
"SƠN HỎA BÔN","CẤN VI SƠN","Kịp thời bán ra, không được quá lưu luyến với thị trường."
"SƠN HỎA BÔN","SƠN THIÊN ĐẠI SÚC","Công việc không trôi chảy, cuối cùng không có lãi."
"SƠN HỎA BÔN","SƠN LÔI DI","Mệt mỏi, chú ý nghỉ ngơi."
"SƠN HỎA BÔN","LY VI HỎA","Mua bán phải cẩn thận, không nên tham lam, thấy lời thì làm, không nên mạo hiểm, cần phải biết rõ mình có thể lãi bao nhiêu mới làm. Như vậy hàng ngày mới thu lợi."
"SƠN HỎA BÔN","PHONG HỎA GIA NHÂN","Mọi người tranh cãi, ý kiến bất nhất, nhiều người tranh mua vào, kết quả lời lãi khác nhau."
"SƠN HỎA BÔN","ĐỊA HỎA MINH DI","Mua bán phải dựa vào đầu óc của mình, chạy theo người khác, thị trường  đột biến sẽ bị mắc kẹt, trở tay không kịp, nên tạm thời quan sát chờ đợi thời cơ."
"SƠN THIÊN ĐẠI SÚC","SƠN PHONG CỔ","Thống nhất ý kiến với bạn, nhập cuộc không gặp trở ngại gì, không có rủi ro, cầu tài là được."
"SƠN THIÊN ĐẠI SÚC","SƠN HỎA BÔN","Gặp may mắn, thắng lợi bất ngờ, đó là nhờ trời cho."
"SƠN THIÊN ĐẠI SÚC","SƠN TRẠCH TỔN","Hai bên mua bán giằng co nhau, cuối cùng giá cả vẫn ở trạng thái dao động, nhập cuộc nên cẩn thận."
"SƠN THIÊN ĐẠI SÚC","HỎA THIÊN ĐẠI HỮU","Có chính sách ảnh hưởng đến tình hình, thấy thấp mua vào là đúng sách lược, nhưng lợi nhuận không lớn."
"SƠN THIÊN ĐẠI SÚC","PHONG THIÊN TIỂU SÚC","Mua vào ở thời điểm thích hợp sẽ không đến nỗi bi quan, cố gắng phấn đấu, thời cơ đến sẽ đạt kết quả mỹ mãn."
"SƠN THIÊN ĐẠI SÚC","ĐỊA THIÊN THÁI","Bắt đầu vào cuộc cần bình tĩnh quan sát những người chung quanh và tìm sự đồng tình của những khách hàng lớn, nhất định không được dựa vào cảm giác, nhập cuộc dễ bị kẹt, tránh nóng vội, tiến vững chắc từng bước."
"SƠN TRẠCH TỔN","SƠN THỦY MÔNG","Tay chân rối loạn đương nhiên không tốt, vừa nhập cuộc thì khẩn trương cao độ, dễ gây nên sai lầm, cầu tài không được, do đó nói tâm thái không ổn định thì cần điều chỉnh, không nên nhập cuộc trong trạng thái nôn nóng."
"SƠN TRẠCH TỔN","SƠN LÔI DI","Có khách hàng mạnh liên kết với nhau để thao túng thị trường, thị trường rất căng thẳng, nên kịp thời điều chỉnh, sớm rút lui, nếu không sẽ có nuy cơ mắc kẹt."
"SƠN TRẠCH TỔN","SƠN THIÊN ĐẠI SÚC","Thấy thấp mua vào là phương sách đúng đắn, phải cẩn thận đề phòng ý kiến của người khác ảnh hưởng đến tư duy của mình dẫn đến sai lầm, làm đảo lộn kế hoạch, bảo đảm tính độc lập là rất quan trọng."
"SƠN TRẠCH TỔN","HỎA TRẠCH KHUÊ","Cung lớn hơn cầu, tự nhiên giá hạ xuống, nhưng mua bán thừa cơ thao túng, giá cả xuất hiện trạng thái cực đoan, mua bán có kỹ xảo có thể thu lợi nhiều."
"SƠN TRẠCH TỔN","PHONG TRẠCH TRUNG PHÙ","Có dấu hiệu giá tăng, nhưng áp lực bán cũng khá lớn, thế lực hai bên mua bán ngang nhau, giá cả biến động trong biên độ lớn, nhập cuộc phải chú ý nắm chắc thời cơ, nếu không thì khó thắng."
"SƠN TRẠCH TỔN","ĐỊA TRẠCH LÂM","Ngoài việc hanh thông, mua bán như ý, tiền đồ đầy hy vọng, thuận buồm xuôi gió, còn thu lợi lớn, nhưng không nên vì thế mà chủ quan."
"HỎA TRẠCH KHUÊ","HỎA THỦY VỊ TẾ","Ban đầu không thuận lợi, nhưng không nên nôn nóng, kiên trì chờ đợi, cuối cùng sẽ thành công lớn."
"HỎA TRẠCH KHUÊ","HỎA LÔI PHỆ HẠP","Nhập cuộc gặp biến động bất ngờ, chuốc lấy thất bại, do đó không nên vào cuộc."
"HỎA TRẠCH KHUÊ","HỎA THIÊN ĐẠI HỮU","Bên mua thao túng, giá cả có triển vọng lên cao, nhưng sức tăng không mạnh, về cuối ở khu vực giá cao có thể bán ra nhưng nhìn chung toàn thị trường có vẻ tiêu điều."
"HỎA TRẠCH KHUÊ","SƠN TRẠCH TỔN","Có dấu hiệu bị thua lỗ, nhập cuộc phải cẩn thận, tạm thời nên ngừng giao dịch, chờ thời."
"HỎA TRẠCH KHUÊ","THIÊN TRẠCH LÝ","Vận khí không tốt, bỏ lỡ giá nhập cuộc, ngược lại bị kẹt, trong lòng đau khổ."
"HỎA TRẠCH KHUÊ","LÔI TRẠCH QUY MUỘI","Thuận theo xu thế mà làm sẽ thắng lợi bất ngờ."
"THIÊN TRẠCH LÝ","THIÊN THỦY TỤNG","Gặp cao thì bán, thị trường ảm đạm, sức bán khá lớn, chú ý điều chỉnh phương hướng của mình."
"THIÊN TRẠCH LÝ","THIÊN LÔI VÔ VỌNG","Muốn luôn vui cười thì phải thường thu lợi. Hôm nay có thể nhập cuộc với những loại chứng phiếu trung, dài hạn, không có nguy hiểm, có thể thu lợi."
"THIÊN TRẠCH LÝ","CÀN VI THIÊN","Vì không cẩn thận, tự cho là mình kiếm tiền dễ dãi, kết quả trong giao dịch vì ăn nói mà tiền tuột khỏi tay, uổng công vô ích."
"THIÊN TRẠCH LÝ","PHONG TRẠCH TRUNG PHÙ","Đầu óc tỉnh táo, phán đoán chính xác, nhập cuộc đúng lúc, không có rủi ro, cầu tài là được, khiêm tốn là chính."
"THIÊN TRẠCH LÝ","HỎA TRẠCH KHUÊ","Vào sàn để mua bán, làm việc kết hợp với nghỉ ngơi có thể thu lợi, tâm tình thoải mái."
"THIÊN TRẠCH LÝ","ĐOÀI VI TRẠCH","Thị trường bán có triển vọng lên cao, nhập cuộc tủi ro khá lớn, nên cẩn thận."
"PHONG TRẠCH TRUNG PHÙ","PHONG THỦY HOÁN","Nhập cuộc bị mắc kẹt vì thời cơ nhập cuộc không tốt. Giá tăng gặp trở ngại, áp lực bên bán khá lớn, trong lòng lo lắng bồn chồn. "
"PHONG TRẠCH TRUNG PHÙ","PHONG LÔI ÍCH","Tìm thắng lợi trong sự ổn định. Muốn thắng lợi trong thị trường chứng khoán thì phải trầm tĩnh, ngược lại nếu không nắm chắc xu thế cuối cùng sẽ bị thất bại. "
"PHONG TRẠCH TRUNG PHÙ","PHONG THIÊN TIỂU SÚC","Giá dao động lên xuống, thực lực bên mua lớn hơn, do đó mua bán nhanh là chính, chú ý mở rộng lợi nhuận."
"PHONG TRẠCH TRUNG PHÙ","THIÊN TRẠCH LÝ","Bên mua ra sức giữ giá. Nhập cuộc có thể mua vào, chắc chắn sẽ thu lợi, tuy không lớn lắm. Về cuối bên mua càng có lòng tin, nhưng không được chạy theo mua vào nhiều."
"PHONG TRẠCH TRUNG PHÙ","SƠN TRẠCH TỔN","Tình hình vẫn dao động ở mức cực đoan, tiềm ẩn rủi ro rất lớn, nhập cuộc phải cẩn thận về số lượng, tìm kiếm cảm giác vào nhanh ra nhanh, bị mắc kẹt phải kịp thời bán ra, không thể giữ hàng lâu."
"PHONG TRẠCH TRUNG PHÙ","THỦY TRẠCH TIẾT","Nhập cuộc bị mắc kẹt, đành phải bán ra, không được giữ lại. Nên cẩn thận phán đoán xu thế, không được manh động. "
"PHONG SƠN TIỆM","PHONG HỎA GIA NHÂN","Thực lực không lớn thì không nên tỏ ra là mình mạnh, phải hành động thuận theo xu thế, thích hợp với thời cuộc. Giá tăng lên yếu ớt, sẽ xuất hiện trạng thái toàn bộ đều trượt xuống."
"PHONG SƠN TIỆM","TỐN VI PHONG","Chứng phiếu bị kẹt chưa được giải quyết, tính tình bất ổn thì không nên mua bán mới, nếu mang tâm lý may rủi nhập cuộc thì sẽ nguy hiểm. Tạm thời không nên nhập cuộc, cẩn thận quan sát."
"PHONG SƠN TIỆM","PHONG ĐỊA QUAN","Bán ra ở giá cả khá cao sẽ thu lợi lớn, không nên giữ hàng lại, thu lợi rồi thì rút ra."
"PHONG SƠN TIỆM","THIÊN SƠN ĐỘN","Mua bán không thể dựa vào bẩm tính của mình, phải xóa bỏ tất cả mọi ý nghĩ cực đoan, dựa vào xu thế mà hành động, không được miễn cưỡng thì sẽ thắng lợi."
"PHONG SƠN TIỆM","CẤN VI SƠN","Nên ngừng thì ngừng, không nên do dự, nếu mang tâm lý may rủi hoặc tham lam thì sẽ bị mắc kẹt, nên kịp thời quyết định rồi rút lui, không nên nhập cuộc trở lại."
"PHONG SƠN TIỆM","THỦY SƠN KIỀN","Vận khí không tốt, hành động phải có nghị lực và kiên nhẫn hoàn thành từng tí, hơi buôn lỏng sẽ biến thắng lợi thành thất bại. Tạm thời nên quan sát."
"KHÔN VI ĐỊA","ĐỊA LÔI PHỤC","Hôm nay tinh thần bạn không tốt, bị một hiện tượng quái lạ nào đó uy hiếp. Tong tình trạng đó thử hỏi làm sao có thể mua bán tốt được, càng không thể nói là sẽ có lãi."
"KHÔN VI ĐỊA","ĐỊA THỦY SƯ","Thị trường trong ổn định có biến động, sức mua lớn nhưng chưa phải thời cơ để mua, nếu mua vào sẽ không có lợi. Lúc này cần chờ đợi, khi xu thế đã rõ thì tùy tình hình thị trường mà hành động."
"KHÔN VI ĐỊA","ĐỊA SƠN KHIÊM","Trước hết mừng bạn hôm nay không có gì nguy hiểm, ngược lại sẽ có lợi. Đầu tiên phải chỉnh lý lại chứng phiếu của mình, cân nhắc cẩn thận, vạch kế hoạch hành động, sau đó trao đổi với bạn bè, bình tĩnh tự tin thì mua bán sẽ không sai."
"KHÔN VI ĐỊA","LÔI ĐỊA DỰ","Hôm nay không được máy móc, không cố cầu tài vì vừa vất vả vừa không được lợi, tốt nhất là nghỉ ngơi."
"KHÔN VI ĐỊA","THỦY ĐỊA TỶ","Hôm nay thuận theo tình hình mà mua bán, không có gì nguy hiểm. Từ góc dộ thị trường mà xét, sức mua khá lớn, áp lực bên bán giảm xuống, giao dịch có thể sẽ thu lợi."
"KHÔN VI ĐỊA","SƠN ĐỊA BÁC","Chứng phiếu bán ra bị kẹt, bạn không dám mua vào, kết quả lòng rất áy náy, không có biện pháp gì khác."
"ĐỊA LÔI PHỤC","KHÔN VI ĐỊA","Chỉ dựa vào nguyên lý thông thường không thể thuyết phục được bạn cố gắng vươn lên, đầu óc nóng lên, tham lam vô độc, kết quả sẽ bị mắc kẹt. Xu thế xem ra có vẻ đi xuống."
"ĐỊA LÔI PHỤC","ĐỊA TRẠCH LÂM","Luôn chỉ biết cầu lợi, tình hình thay đổi, cuối cùng chẳng được gì."
"ĐỊA LÔI PHỤC","ĐỊA HỎA MINH DI","Thị trường khá yên lặng, mua bán bình thường, cho nên mua bán nhanh là chính, có thể giữ lại chứng phiếu."
"ĐỊA LÔI PHỤC","CHẤN VI LÔI","Giá tăng yếu ớt, sức cản khá lớn, tạm thời không nên nhập cuộc."
"ĐỊA LÔI PHỤC","THỦY LÔI TRUÂN","Không nên nhập cuộc, thế thủ là tốt, những biến hóa ngẫu nhiên sẽ dẫn đến thất bại."
"ĐỊA LÔI PHỤC","SƠN LÔI DI","Cho dù người khác nói gì thì cũng phải hành động theo sách lược của mình mới thu được lợi."
"ĐỊA TRẠCH LÂM","ĐỊA THỦY SƯ","Sức mua yếu ớt, áp lực bán khá mạnh, theo đà đó mua bán, thấy lợi thì làm."
"ĐỊA TRẠCH LÂM","ĐỊA LÔI PHỤC","Giá cả hạ xuống rõ ràng, then chốt là xem bạn làm ăn như thế nào."
"ĐỊA TRẠCH LÂM","ĐỊA THIÊN THÁI","Sức mua sức bán ngang nhau, chờ thời cơ nhập cuộc, mua nhanh bán nhanh là chính, có thể thu lợi."
"ĐỊA TRẠCH LÂM","LÔI TRẠCH QUY MUỘI","Thị trường xuất hiện trở ngại, nhập cuộc không thuận, cầu tài khó khăn."
"ĐỊA TRẠCH LÂM","THỦY TRẠCH TIẾT","Bên mua gặp trắc trở, áp lực bán ra mạnh hơn, mua bán phải chú ý điều chỉnh lượng giao dịch phù hợp với sức mình."
"ĐỊA TRẠCH LÂM","SƠN TRẠCH TỔN","Vận khí suy vi, không được như ý, mua bán vất vả, lợi nhuận ít."
"ĐỊA THIÊN THÁI","ĐỊA PHONG THĂNG","Thị trường phồn vinh, mọi người tấp nập, lượng giao dịch lớn, mua bán thịnh vượng, thu lợi như ý, nhưng không được nóng vội."
"ĐỊA THIÊN THÁI","ĐỊA HỎA MINH DI","Không thể vui mừng quá mức, cố gắng giữ được lợi ích vừa thu được, có thể thu được nữa, không thể chạy theo một cách mù quáng, rủi ro lớn, cần cẩn thận."
"ĐỊA THIÊN THÁI","ĐỊA TRẠCH LÂM","Không thấy được phương hướng biến đổi của thị trường, trong lòng không chắc ăn, chỉ hoạt động mù quáng, như thế rủi ro nhiều, thu lợi ít. Tốt nhất không nhập cuộc."
"ĐỊA THIÊN THÁI","LÔI THIÊN ĐẠI TRÁNG","Xu thế thị trường rõ ràng, chứng phiếu bị kẹt của bạn sẽ có cơ hội bán ra, chọn thời điểm thích hợp vào cuộc, có thể giữ lại chứng phiếu, rủi ro không lớn."
"ĐỊA THIÊN THÁI","THỦY THIÊN NHU","Tình hình biến đổi khiến cho bạn cảm thấy làm ăn vất vả, nhưng hoàn toàn có thể xóa bỏ lo lắng, mở mặt hàng mới nhất định sẽ thắng."
"ĐỊA THIÊN THÁI","SƠN THIÊN ĐẠI SÚC","Tinh thần đầy đủ, lượng giao dịch lớn, thấy thấp có thể mua vào, cầu lợi là được."
"LÔI THIÊN ĐẠI TRÁNG","LÔI PHONG HẰNG","Thực lực bên mua vẫn rất lớn, có thể mua vào nhưng số lượng không nên nhiều, kiên định tiên chắc, không nên dao động theo đuôi ý kiến người khác."
"LÔI THIÊN ĐẠI TRÁNG","LÔI HỎA PHONG","Bên mua kéo giá lên, bên bán nhập cuộc nhưng giá vẫn không giảm xuống, nhập cuộc không dễ cầu tài, tạm thời còn bị kẹt, nhưng không có gì nguy hiểm, có thể giữ hàng lại chờ thời."
"LÔI THIÊN ĐẠI TRÁNG","LÔI TRẠCH QUY MUỘI","Khách hàng nhỏ bận rộn, bề ngoài thị trường tấp nập, lượng giao dịch nhiều nhưng thực ra lợi nhuận không đáng kể."
"LÔI THIÊN ĐẠI TRÁNG","ĐỊA THIÊN THÁI","Thị trường vô cùng tấp nập, trước khi nhập cuộc nên điều chỉnh phương án hành động, nếu cảm thấy không tốt thì không nên nhẹ dạ nhập cuộc. Mở đầu xuất hiện tình trạng mua bán tranh chấp hỗn loạn khác thường."
"LÔI THIÊN ĐẠI TRÁNG","TRẠCH THIÊN QUẢI","Giá cả tăng dữ dội, dựa theo xu thế mua vào nhưng không thể đeo đuổi đến cùng, có triển vọng thu lợi lớn."
"LÔI THIÊN ĐẠI TRÁNG","HỎA THIÊN ĐẠI HỮU","bên bán đối địch với bên mua, thực lực bên mua rất mạnh, nhưng bên bán cũng tỏ ra không kém, mua bán phải cẩn thận, không được mù quáng."
"TRẠCH THIÊN QUẢI","TRẠCH PHONG ĐẠI QUÁ","Lượng giao dịch co lại, nhưng đó chỉ là hiện tượng tạm thời, là sự yên lặng trước khi xu thế chuyển đổi, không nên mua vào, chờ thời cơ mới nhập cuộc."
"TRẠCH THIÊN QUẢI","TRẠCH HỎA CÁCH","Thay đổi phương thức hành động, nếu không thì nhập cuộc sẽ bị kẹt, khoanh tay ngồi nhìn chẳng được ích gì. Đành phải bán ra, tuy không thua lỗ lớn nhưng để lại nỗi buồn. Không nên nhập cuộc."
"TRẠCH THIÊN QUẢI","ĐOÀI VI TRẠCH","Không nên nhập cuộc, vì tinh thần không ổn định, quá tham lam, vì quá tự tin mà bỏ lỡ cơ hội."
"TRẠCH THIÊN QUẢI","THỦY THIÊN NHU","Bên mua tỏ ra yếu ớt, không nên mù quáng mua vào, giá cả dao động giảm xuống, ở thời điểm thấp nhất có thể mua vào nhưng phải bán ra nhanh."
"TRẠCH THIÊN QUẢI","LÔI THIÊN ĐẠI TRÁNG","Thất bại liên tục, chứng phiếu bị kẹt không được giải tỏa kịp thời, giữ lâu nguy hiểm. Không nên mua bán mới."
"TRẠCH THIÊN QUẢI","CÀN VI THIÊN","Có cảnh tượng bên mua áp đảo bên bán, vượng cực thì suy, giá cả đã tăng đến đỉnh điểm, không thể mù quáng mua theo, lúc này không nên nhập cuộc, chờ xu thế rõ để có phương án."
"THỦY THIÊN NHU","THỦY PHONG TỈNH","giá cả biến động ít, xu thế ổn định, sức bán lớn hơn sức mua, nhưng mua hay bán đều không thu lợi nhiều, xu thế hôm nay không nên nhập cuộc."
"THỦY THIÊN NHU","THỦY HOẢ KÝ TẾ","hôm nay có thể nhập cuộc theo cảm giác của mình, sẽ không có rủi ro."
"THỦY THIÊN NHU","THỦY TRẠCH TIẾT","giá cả lên cao, áp lực bán ra khá mạnh, bên mau không lợi, bên bán căng thẳng, tuy không nguy hiểm nhưng không lợi cho nhập cuộc."
"THỦY THIÊN NHU","TRẠCH THIÊN QUẢI","phải đi sâu vào thị trường, không được đứng bên ngoài mà bình luận, phải cố gắng lãnh hội sự biến đổi và các loại nhân tố ảnh hưởng đến giá của thị trường, chỉ có như thế mới tránh xa rủi ro, qua đó mà gặt hái nhiều điều có ích."
"THỦY THIÊN NHU","ĐỊA THIÊN THÁI","áp lực bán ra rất lớn, sức mua theo đó tăng lên, kết quả bên bán bị kẹt, bên mua được lợi. Muốn chuyển hóa sức mua và sức bán của thị trường phải có điều kiện nhất định. Đó là việc đến đáy thì mới bật lên."
"THỦY THIÊN NHU","PHONG THIÊN TIỂU SÚC","chiến đấu đơn độc với thị trường rất gian khổ, không tránh khỏi cảm giác cô đơn, áp lực tâm lý lớn, không nhạy bén phản ứng với biến đổi của thị trường, theo đuôi thị trường một cách bị động."
"THỦY ĐỊA TỶ","THỦY LÔI TRUÂN","Khi phán đoán xu thế chính xác, khi giá cả đang lên lấy đầu mua làm chính, khi giá cả xuống, phải lấy đầu bán làm chính, nói tóm lại mua bán thuận theo xu thế là cách lựa chọn thông minh nhất. Hôm nay vào sàn điều dễ mắc sai lầm là đi ngược lại xu thế, không lợi."
"THỦY ĐỊA TỶ","KHẢM VI THỦY","Áp lực bán ra khá lớn, xu thế thị trường như ngưng lại, mua bán cẩn thận, thị trường đã bước vào trước thời kỳ biến động phức tạp."
"THỦY ĐỊA TỶ","THỦY SƠN KIỀN","Giá tăng yếu, giảm xuống nhiều, tình hình này nên nắm chắc điều kiện cụ thể của mình, phát huy ưu thế để giành phần thắng."
"THỦY ĐỊA TỶ","TRẠCH ĐỊA TỤY","Âm dương biến đổi là lẽ thường tình, mua bán cạnh tranh nhau, dương tổn âm lợi, cuối cùng âm dương đồng đều, cầu lợi không được."
"THỦY ĐỊA TỶ","KHÔN VI ĐỊA","Từ đáy thấp chuyển lên, thuận theo xu thế mà mua bán, cẩn thận đề phòng bán phải giá thấp, hàng bị kẹt."
"THỦY ĐỊA TỶ","PHONG ĐỊA QUAN","Hôm nay là ngày tốt của bạn, hãy hành động theo phương án của mình, yên tâm mua bán sẽ lãi bất ngờ. Có thể xét cùng một loại chứng phiếu ở những tháng khác nhau, đồng thời vào sàn thì nguy hiểm rất ít. Trường hợp như thế rất ít gặp, nhưng không được say sưa quá mức vì lúc này sự vật cũng rất dễ phát triển theo một hướng khác."
